Authors,Title,Year,Source title,Link,Document Type,Source
"Nunnally J.C.",[No title available],1978,"Psychometric Theory",,,Scopus
"Tabachnick B.G., Fidell L.S.",[No title available],1996,"Using Multivariate Statistics",,,Scopus
"Fornell C., Larcker D.F.","Evaluating structural equation models with unobservable variables and measurement error",1981,"Journal of Marketing Research",,,Scopus
"Ajzen I.","The theory of planned behavior",1991,"Organizational Behavior and Human Decision Processes","https://www.scopus.com/inward/record.uri?eid=2-s2.0-44949274046&doi=10.1016%2f0749-5978%2891%2990020-T&partnerID=40&md5=e27ee5041e0c00279f7c9c3291a3eb1d",Article,Scopus
"Bandura A.",[No title available],1986,"Social Foundations of Thought and Action: A Social Cognitive Theory",,,Scopus
"Fishbein M., Ajzen I.",[No title available],1975,"Belief, Attitude, Intention and Behavior: An Introduction to Theory and Research",,,Scopus
"Hofstede G.","Cultures and organizations: Software of the mind",1991,"Cultures and Organizations: Software of the Mind",,,Scopus
"Olson M.",[No title available],1965,"The Logic of Collective Action",,,Scopus
"Chin W.W.","The partial least squares approach to structural equation modeling",1998,"Modern Methods for Business Research",,,Scopus
"Merton R.K.",[No title available],1957,"Social Theory and Social Structure",,,Scopus
"Churchill G.A.","A paradigm for developing better measures of marketing constructs",1979,"Journal of Marketing Research",,,Scopus
"Nozick R.",[No title available],1977,"Anarchy, State and Utopia",,,Scopus
"Belsley D.A., Kuh E., Welsch R.E.",[No title available],1980,"Regression Diagnostics: Identifying Influential Data and Sources of Collinearity",,,Scopus
"MacIntyre A.",[No title available],1981,"After Virtue: A Study in Moral Theory",,,Scopus
"Homans G.C.",[No title available],1961,"Social Behavior: Its Elementary Forms",,,Scopus
"Mintzberg H.","The structuring of organizations",1979,"The Structuring of Organizations",,,Scopus
"Chin W.W.","Issues and opinion on structural equation modeling",1998,"MIS Quarterly: Management Information Systems","https://www.scopus.com/inward/record.uri?eid=2-s2.0-0002042337&partnerID=40&md5=4385da2ebfbe717f06324e00e6ab9a99",Review,Scopus
"Ajzen I., Fishbein M.","Attitude-behavior relations: A theoretical analysis and review of empirical research",1977,"Psychological Bulletin","https://www.scopus.com/inward/record.uri?eid=2-s2.0-33646391331&doi=10.1037%2f0033-2909.84.5.888&partnerID=40&md5=b1fb41a86962e0371c5a815913e94a3b",Article,Scopus
"Kohlberg L.","Stage and sequence: The cognitive-developmental approach to socialization",1969,"Handbook of Socialization Theory and Research",,,Scopus
"Varian H.R.",[No title available],1992,"Microeconomic Analysis",,,Scopus
"Cronbach L.J.",[No title available],1990,"Essentials of Psychological Testing",,,Scopus
"Shapiro C., Varian H.R.","Information rules: A strategic guide to the network economy",1999,"Information Rules: A Strategic Guide to the Network Economy",,,Scopus
"Sandel M.",[No title available],1982,"Liberalism and the Limits of Justice",,,Scopus
"Adams J.S.","Towards an understanding of inequity",1963,"Journal of Abnormal and Social Psychology","https://www.scopus.com/inward/record.uri?eid=2-s2.0-0001603538&doi=10.1037%2fh0040968&partnerID=40&md5=9fee6a0efab4987f082c33191b691059",Article,Scopus
"Jones T.M.","Ethical decision making by individuals in organizations: An issue-contingent model",1991,"Academy of Management Review",,,Scopus
"Ross W.D.",[No title available],1930,"The Right and the Good",,,Scopus
"Sidgwick H.",[No title available],1907,"The Methods of Ethics",,,Scopus
"Rest J.R.",[No title available],1986,"Moral Development: Advances in Research and Theory",,,Scopus
[No author name available],[No title available],2010,"The Economist",,,Scopus
"Thompson R.L., Higgins C.A., Howell J.M.","Personal computing: Toward a conceptual model of utilization",1991,"MIS Quarterly: Management Information Systems","https://www.scopus.com/inward/record.uri?eid=2-s2.0-38749129220&doi=10.2307%2f249443&partnerID=40&md5=a7a049d403c3c3026f5a98e45a66e55a",Article,Scopus
"Trevino L.K.","Ethical decision making in organizations: A person-situation interactionist model",1986,"Academy of Management Review",,,Scopus
"Rawls J.",[No title available],1972,"Theory of Justice",,,Scopus
"Hunt S.D., Vitell S.","A General Theory of Marketing Ethics",1986,"Journal of Macromarketing","https://www.scopus.com/inward/record.uri?eid=2-s2.0-84970109540&doi=10.1177%2f027614678600600103&partnerID=40&md5=cac8618c5dd277c2722ff72b05887a73",Article,Scopus
"Buchanan J.M.","An economic theory of clubs",1965,"Economica",,,Scopus
"Nunnally J.",[No title available],1967,"Psychometric Methods",,,Scopus
"Hare R.M.",[No title available],1952,"The Language of Morals",,,Scopus
"Markus M.L., Robey D.","Information technology and organizational change: Causal structure in theory and research",1988,"Management Science",,,Scopus
"Hume D.",[No title available],1975,"Enquiries Concerning Human Understanding and Concerning the Principles of Morals",,,Scopus
"Ehrlich I.","Participation in illegitimate activities: A theoretical and empirical investigation",1973,"Journal of Political Economy",,,Scopus
"Ferrell O.C., Gresham L.G.","A contingency framework for understanding ethical decision making in marketing",1985,"Journal of Marketing",,,Scopus
"Werts C.E., Linn R.L., Jöreskog K.G.","Interclass reliability estimates: Testing structural assumptions",1974,"Educational and Psychological Measurement",,,Scopus
"Crowne D.P., Marlowe D.","The approval motive",1964,"The Approval Motive",,,Scopus
"Deutsch M.","Distributive justice: A social-psychological perspective",1985,"Distributive Justice: A Social Psychological Perspective",,,Scopus
"Walster E., Berscheid E., Walster G.W.","New directions in equity research",1973,"Journal of Personality and Social Psychology","https://www.scopus.com/inward/record.uri?eid=2-s2.0-0000658968&doi=10.1037%2fh0033967&partnerID=40&md5=2f9e4cabd48db1efe3fc93087d02690a",Article,Scopus
"Compeau D.R., Higgins C.A.","Application of social cognitive theory to training for computer skills",1995,"Information Systems Research","https://www.scopus.com/inward/record.uri?eid=2-s2.0-21344456569&doi=10.1287%2fisre.6.2.118&partnerID=40&md5=bd7df117edd55a7fbc08b599e1de523f",Article,Scopus
"Hare R.M.",[No title available],1963,"Freedom and Reason",,,Scopus
"Gewirth A.",[No title available],1978,"Reason and Morality",,,Scopus
"Hare R.M.",[No title available],1981,"Moral Thinking: Its Levels, Method and Point",,,Scopus
"Beck L., Ajzen I.","Predicting dishonest actions using the theory of planned behavior",1991,"Journal of Research in Personality","https://www.scopus.com/inward/record.uri?eid=2-s2.0-28844460781&doi=10.1016%2f0092-6566%2891%2990021-H&partnerID=40&md5=55a585cff100368a324ef9d5969554ab",Article,Scopus
"Mathieson K., Peacock E., Chin W.W.","Extending the Technology Acceptance Model: The Influence of Perceived User Resources",2001,"Data Base for Advances in Information Systems","https://www.scopus.com/inward/record.uri?eid=2-s2.0-25844487151&doi=10.1145%2f506724.506730&partnerID=40&md5=cffe2702aa0e8327057c84ed058c86f4",Article,Scopus
"Ford R.C., Richardson W.D.","Ethical decision making: A review of the empirical literature",1994,"Journal of Business Ethics","https://www.scopus.com/inward/record.uri?eid=2-s2.0-0000245080&doi=10.1007%2fBF02074820&partnerID=40&md5=b83317046e40a6747d1b3cd8ae1f0c59",Review,Scopus
"Beauchamp T.L., Bowie N.E.",[No title available],1983,"Ethical Theory and Business",,,Scopus
"Chin W.W., Gopal A.","Adoption intention in gss: Relative importance of beliefs",1995,"ACM SIGMIS Database","https://www.scopus.com/inward/record.uri?eid=2-s2.0-84976722216&doi=10.1145%2f217278.217285&partnerID=40&md5=f5c5aae00b1b1abccbf289a21a7e85fe",Article,Scopus
"Mason R.O.","Four ethical issues of the information age",1986,"MIS Quarterly: Management Information Systems","https://www.scopus.com/inward/record.uri?eid=2-s2.0-55249097295&doi=10.2307%2f248873&partnerID=40&md5=a6a1433accbb9befe399539fc53aaaef",Article,Scopus
"Johnson D.",[No title available],1985,"Computer Ethics",,,Scopus
"Straub Jr. D.W.","Effective IS security: An empirical study",1990,"Information Systems Research","https://www.scopus.com/inward/record.uri?eid=2-s2.0-0000280419&doi=10.1287%2fisre.1.3.255&partnerID=40&md5=7254de37c6c52ffe8d5f097ec5ac2cb0",Article,Scopus
"MOOR J.H.","WHAT IS COMPUTER ETHICS?",1985,"Metaphilosophy","https://www.scopus.com/inward/record.uri?eid=2-s2.0-84981430537&doi=10.1111%2fj.1467-9973.1985.tb00173.x&partnerID=40&md5=622272b68ee57b3cfedfc53f150d15b1",Article,Scopus
"Brenner S.N., Molander E.A.","Is the ethics of business changing?",1977,"Harvard Business Review",,,Scopus
"Thompson R.L., Higgins C.A., Howell J.M.","Influence of experience on personal computer utilization: Testing a conceptual model",1994,"Journal of Management Information Systems","https://www.scopus.com/inward/record.uri?eid=2-s2.0-0001466354&doi=10.1080%2f07421222.1994.11518035&partnerID=40&md5=7370b149742c74faccb200ce98f2b65b",Article,Scopus
"Conner K.R., Rumelt R.P.","Software piracy: An analysis of protection strategies",1991,"Management Science",,,Scopus
"Ferrell O.C., Gresham L.G., Fraedrich J.","A Synthesis of Ethical Decision Models for Marketing",1989,"Journal of Macromarketing","https://www.scopus.com/inward/record.uri?eid=2-s2.0-84970260234&doi=10.1177%2f027614678900900207&partnerID=40&md5=4ea15d895e267eed4c4eed702ba00f76",Article,Scopus
"Chonko L.B., Hunt S.D.","Ethics and marketing management: An empirical examination",1985,"Journal of Business Research","https://www.scopus.com/inward/record.uri?eid=2-s2.0-0000901049&doi=10.1016%2f0148-2963%2885%2990006-2&partnerID=40&md5=7981d84dbe63148f8e4bd09acd167002",Article,Scopus
"Bommer M., Gratto C., Gravander J., Tuttle M.","A behavioral model of ethical and unethical decision making",1987,"Journal of Business Ethics","https://www.scopus.com/inward/record.uri?eid=2-s2.0-34250101959&doi=10.1007%2fBF00382936&partnerID=40&md5=5530eaa011e7b2a85e6d3787d77bfadb",Article,Scopus
"Baumhart R.C.","How ethical are businessmen?",1961,"Harvard Business Review",,,Scopus
"Frankena W.K.",[No title available],1963,"Ethics",,,Scopus
"Thompson V.A.",[No title available],1977,"Modern Organization",,,Scopus
"Williams K.R., Hawkins R.","Perceptual research on general deterrence: A critical review",1986,"Law and Society Review",,,Scopus
"Igbaria M., Chakrabarti A.","Computer anxiety and attitudes towards microcomputer use",1990,"Behaviour and Information Technology","https://www.scopus.com/inward/record.uri?eid=2-s2.0-84950633680&doi=10.1080%2f01449299008924239&partnerID=40&md5=1e044e72d83245be8117d137d9133d4f",Article,Scopus
"Randall D.M., Gibson A.M.","Methodology in business ethics research: A review and critical assessment",1990,"Journal of Business Ethics","https://www.scopus.com/inward/record.uri?eid=2-s2.0-0001296503&doi=10.1007%2fBF00382838&partnerID=40&md5=e74d63f3b353bd2314c8e7d025afb556",Article,Scopus
"Fritzsche D.J., Becker H.","Linking management behavior to ethical philosophy - An empirical investigation",1984,"Academy of Management Journal",,,Scopus
"Harrington S.J.","The effect of codes of ethics and personal denial of responsibility on computer abuse judgments and intentions",1996,"MIS Quarterly: Management Information Systems","https://www.scopus.com/inward/record.uri?eid=2-s2.0-0000917858&doi=10.2307%2f249656&partnerID=40&md5=83f5ed046cbb04704b4ef89e24b29d93",Article,Scopus
"Kabanoff B.","Equity, equality, power, and conflict",1991,"Academy of Management Review",,,Scopus
"Floridi L.","Information ethics: On the philosophical foundation of computer ethics",1999,"Ethics and Information Technology","https://www.scopus.com/inward/record.uri?eid=2-s2.0-0011101139&partnerID=40&md5=8f08bdd17ebc97f3eb83deb12e319a9b",Article,Scopus
"Straub D.W., Nance W.D.","Discovering and disciplining computer abuse in organizations: A field study",1990,"MIS Quarterly",,,Scopus
"Murphy P.E., Laczniak G.R.","Marketing ethics: A review with implications for managers, educators and researchers",1981,"Review of Marketing",,,Scopus
"Marx K.","Ökonomisch-philosophische Manuskripte aus dem Jahre",0000,"Ökonomisch-philosophische Manuskripte",,,Scopus
"Gopal R.D., Sanders G.L.","Preventive and deterrent controls for software piracy",1997,"Journal of Management Information Systems","https://www.scopus.com/inward/record.uri?eid=2-s2.0-0031288375&doi=10.1080%2f07421222.1997.11518141&partnerID=40&md5=0ddeca8a19f3f93a33f07672a6c42780",Article,Scopus
"Banerjee D., Cronan T.P., Jones T.W.","Modeling IT ethics: A study in situational ethics",1998,"MIS Quarterly: Management Information Systems","https://www.scopus.com/inward/record.uri?eid=2-s2.0-0002520483&doi=10.2307%2f249677&partnerID=40&md5=e39174c75e340fedc5397ece51e6cb08",Article,Scopus
"Cavanagh G.F., Moberg D.J., Velasquez M.","The ethics of organizational politics",1981,"Academy of Management Review",,,Scopus
"Weber J.","Scenarios in business ethics research: Review, critical assessment, and recommendations",1992,"Business Ethics Quarterly",,,Scopus
"Swinyard W.R., Rinne H., Kau A.K.","The morality of software piracy: A cross-cultural analysis",1990,"Journal of Business Ethics","https://www.scopus.com/inward/record.uri?eid=2-s2.0-0001354192&doi=10.1007%2fBF00383392&partnerID=40&md5=c451772a8437dbcb81a90290740e9177",Article,Scopus
"Cheng H.K., Sims R.R., Teegen H.","To purchase or to pirate software: An empirical study",1997,"Journal of Management Information Systems","https://www.scopus.com/inward/record.uri?eid=2-s2.0-0031288383&doi=10.1080%2f07421222.1997.11518142&partnerID=40&md5=22c45f848b3a8cc8d7c8a23206092f2f",Article,Scopus
"Triandis H.C.","Values, attitudes, and interpersonal behavior",1980,"Nebraska Symposium on Motivation",,,Scopus
"Zey-Ferrell M., Weaver K.M., Ferrell O.C.","Predicting Unethical Behavior Among Marketing Practitioners",1979,"Human Relations","https://www.scopus.com/inward/record.uri?eid=2-s2.0-84973710587&doi=10.1177%2f001872677903200702&partnerID=40&md5=2eac2ccc6c9479d84210e6f1addacfb1",Article,Scopus
"Gorsuch R.L., Ortberg J.","Moral obligation and attitudes: Their relation to behavioral intentions",1983,"Journal of Personality and Social Psychology","https://www.scopus.com/inward/record.uri?eid=2-s2.0-0001324053&doi=10.1037%2f0022-3514.44.5.1025&partnerID=40&md5=2fdbd73af693eb1973e3aadf467da245",Article,Scopus
"Kukathas C., Pettit P.",[No title available],1990,"Rawls: A Theory of Justice and Its Critics",,,Scopus
"Paternoster R.","Decisions to participate in and desist from four types of common delinquency: Deterrence and the rational choice perspective",1989,"Law and Society Review",,,Scopus
"Schwartz R.D., Orleans S.","On legal sanctions",1967,"University of Chicago Law Review",,,Scopus
"Gopal R.D., Sanders G.L.","International Software Piracy: Analysis of Key Issues and Impacts",1998,"Information Systems Research","https://www.scopus.com/inward/record.uri?eid=2-s2.0-0032245475&doi=10.1287%2fisre.9.4.380&partnerID=40&md5=d761b17d9570568127e7f610f3614171",Article,Scopus
"Zey-Ferrell M., Ferrell O.C.","Role-Set Configuration and Opportunity as Predictors of Unethical Behavior in Organizations",1982,"Human Relations","https://www.scopus.com/inward/record.uri?eid=2-s2.0-84973703340&doi=10.1177%2f001872678203500707&partnerID=40&md5=5d5d24b24b02f90ceb569147a1ff6a71",Article,Scopus
"Loch K.D., Conger S.","Evaluating Ethical Decision Making and Computer Use",1996,"Communications of the ACM","https://www.scopus.com/inward/record.uri?eid=2-s2.0-0030194196&doi=10.1145%2f233977.233999&partnerID=40&md5=751bacb3390d08b5db1f2392f64813f6",Article,Scopus
"Sims R.R., Cheng H.K., Teegen H.","Toward a profile of student software piraters",1996,"Journal of Business Ethics","https://www.scopus.com/inward/record.uri?eid=2-s2.0-0030215265&doi=10.1007%2fBF00381852&partnerID=40&md5=71ac22f9841a68864a38c46363f46eab",Article,Scopus
"Wold H.","Introduction to the second generation of multivariate analysis",1989,"Theoretical Empiricism",,,Scopus
"Glass R.S., Wood W.A.","Situational determinants of software piracy: An equity theory perspective",1996,"Journal of Business Ethics","https://www.scopus.com/inward/record.uri?eid=2-s2.0-0030295452&doi=10.1007%2fBF00412817&partnerID=40&md5=dd83d67b561d2f28290d90eb2a1f45f1",Article,Scopus
"Davis J.R., Welton R.E.","Professional ethics: Business students' perceptions",1991,"Journal of Business Ethics","https://www.scopus.com/inward/record.uri?eid=2-s2.0-0000535664&doi=10.1007%2fBF00382829&partnerID=40&md5=29355791d6d4e69e4881ad9d45432749",Article,Scopus
"Thong J.Y.L., Yap C.-S.","Testing an ethical decision-making theory: The case of softlifting",1998,"Journal of Management Information Systems","https://www.scopus.com/inward/record.uri?eid=2-s2.0-0032223746&doi=10.1080%2f07421222.1998.11518203&partnerID=40&md5=bee9a5eece92feb034a012b3393ff224",Article,Scopus
"Forester T., Morrison P.",[No title available],1994,"Computer Ethics: Cautionary Tales and Ethical Dilemmas in Computing",,,Scopus
"Mayo M.A., Marks L.J.","An empirical investigation of a general theory of marketing ethics",1990,"Journal of the Academy of Marketing Science","https://www.scopus.com/inward/record.uri?eid=2-s2.0-51649153065&doi=10.1007%2fBF02726432&partnerID=40&md5=891b4411e6f4ad9f19ace57a28c19465",Article,Scopus
"Sturdivant F.D., Ginter J.L.","Corpora Social Responsiveness: Management Attitudes and Economic Performance",1977,"California Management Review","https://www.scopus.com/inward/record.uri?eid=2-s2.0-84968181803&doi=10.2307%2f41164709&partnerID=40&md5=fbdfd4aba989051955b276691b682bcf",Article,Scopus
"Anderson R.E., Johnson D.G., Gotterbarn D., Perrolle J.","Using the New ACM Code of Ethics in Decision Making",1993,"Communications of the ACM","https://www.scopus.com/inward/record.uri?eid=2-s2.0-84976776710&doi=10.1145%2f151220.151231&partnerID=40&md5=a6870ca1dbbb860af9f1bd04e0be51d0",Article,Scopus
"Simpson P.M., Banerjee D., Simpson Jr. C.L.","Softlifting: A model of motivating factors",1994,"Journal of Business Ethics","https://www.scopus.com/inward/record.uri?eid=2-s2.0-0001550607&doi=10.1007%2fBF00881451&partnerID=40&md5=5029705c8f9a38264b5bb1a824f45383",Article,Scopus
"Parker D.B.",[No title available],1976,"Crime by Computer",,,Scopus
"Taylor P.W.",[No title available],1975,"Principles of Ethics: An Introduction",,,Scopus
"Logsdon J.M., Thompson J.K., Reid R.A.","Software piracy: Is it related to level of moral judgment?",1994,"Journal of Business Ethics","https://www.scopus.com/inward/record.uri?eid=2-s2.0-3242671556&doi=10.1007%2fBF00871698&partnerID=40&md5=fd66036c2912d2c8de061624a9fdca06",Article,Scopus
"Wood J.A., Longenecker J.G., McKinney J.A., Moore C.W.","Ethical attitudes of students and business professionals: A study of moral reasoning",1988,"Journal of Business Ethics","https://www.scopus.com/inward/record.uri?eid=2-s2.0-0000459707&doi=10.1007%2fBF00381828&partnerID=40&md5=89807f4a758e78f4b50766f836ebbf2f",Article,Scopus
"Parasuraman S.","Predicting turnover intentions and turnover behavior: A multivariate analysis",1982,"Journal of Vocational Behavior","https://www.scopus.com/inward/record.uri?eid=2-s2.0-0003056863&doi=10.1016%2f0001-8791%2882%2990056-2&partnerID=40&md5=8823d6f79423f09abb114317515a2a0e",Article,Scopus
"Smith N.C., Quelch J.A.",[No title available],1993,"Ethics in Marketing",,,Scopus
"Singhapakdi A., Vitell S.J.","Research note: Selected factors influencing marketers' deontological norms",1991,"Journal of the Academy of Marketing Science","https://www.scopus.com/inward/record.uri?eid=2-s2.0-51649147296&doi=10.1007%2fBF02723422&partnerID=40&md5=c54a65efef02d20f69b4f4bc52e5f9c4",Article,Scopus
"Tosi H.L., Rizzo J.R., Carroll S.J.",[No title available],1990,"Managing Organizational Behavior",,,Scopus
"Besen S.M., Kirby S.N.","Private copying, appropriability, and optimal copying royalties",1989,"Journal of Law and Economics",,,Scopus
"Straub Jr. D.W., Collins R.W.","Key information liability issues facing managers: Software piracy, proprietary databases, and individual rights to privacy",1990,"MIS Quarterly: Management Information Systems","https://www.scopus.com/inward/record.uri?eid=2-s2.0-53349102510&doi=10.2307%2f248772&partnerID=40&md5=ab1b195d1c980333a681b72102034b1e",Article,Scopus
"Dewan S., Kraemer K.L.","International Dimensions of the Productivity Paradox",1998,"Communications of the ACM","https://www.scopus.com/inward/record.uri?eid=2-s2.0-0032131159&doi=10.1145%2f280324.280333&partnerID=40&md5=05d25ed3daf8fe1a92f5ae38ea328e18",Article,Scopus
"Moores T., Dhillon G.","Software piracy: A view from Hong Kong",2000,"Communications of the ACM","https://www.scopus.com/inward/record.uri?eid=2-s2.0-0042223455&doi=10.1145%2f355112.355129&partnerID=40&md5=b7e31653a7207716e22f401f93c48cf5",Article,Scopus
"Baroudi J.J., Igbaria M.","An examination of gender effects on career success of information systems employees",1994,"Journal of Management Information Systems","https://www.scopus.com/inward/record.uri?eid=2-s2.0-71549173478&doi=10.1080%2f07421222.1994.11518055&partnerID=40&md5=469a69cc18d5f02ad3392f453c88bede",Article,Scopus
"Solomon S.L., O'Brien J.A.","The effect of demographic factors on attitudes toward software piracy",1990,"Journal of Computer Information Systems",,,Scopus
"Hunt S.","Commentary on an empirical investigation of a general theory of marketing ethics",1990,"Journal of the Academy of Marketing Science","https://www.scopus.com/inward/record.uri?eid=2-s2.0-51249175127&doi=10.1007%2fBF02726433&partnerID=40&md5=c9381786b9cf88657f8c6e0f863990c9",Article,Scopus
"Arlow P., Ulrich T.A.","Business ethics, social responsibility and business students: An empirical comparison of Clark's study",1980,"Akron Business and Economic Review",,,Scopus
"Vitell S.J., Davis D.L.","Ethical beliefs of MIS professionals: The frequency and opportunity for unethical behavior",1990,"Journal of Business Ethics","https://www.scopus.com/inward/record.uri?eid=2-s2.0-0002861365&doi=10.1007%2fBF00382565&partnerID=40&md5=4be55fbfb3c86759162373e3ef315f81",Article,Scopus
"Chin W.W.",[No title available],2001,"PLS-Graph Manual",,,Scopus
"Kallman E.A., Grillo J.P.",[No title available],1996,"Ethical Decision Making and Information Technology",,,Scopus
"Miles E.W., Hatfield J.D., Huseman R.C.","The Equity Sensitivity Construct: Potential Implications for Worker Performance",1989,"Journal of Management","https://www.scopus.com/inward/record.uri?eid=2-s2.0-84970206957&doi=10.1177%2f014920638901500407&partnerID=40&md5=a1723cd8d1b6dd4179e8b570f7d9676e",Article,Scopus
"Eining M.M., Christensen A.L.","A psycho-social model of software piracy: The development and test of a model",1991,"Ethical Issues in Information Systems",,,Scopus
"Popper K.","Philosophy of science: A personal report",1957,"British Philosophy in the Mid-Century",,,Scopus
"Christensen A.L., Eining M.M.","Factors influencing software piracy: Implications for accountants",1991,"Journal of Information Systems",,,Scopus
"Vitell S.J., Hunt S.D.","The general theory of marketing ethics: A partial test of the model",1990,"Research in Marketing",,,Scopus
"Pierce M.A., Henry J.W.","Computer ethics: The role of personal, informal, and formal codes",1996,"Journal of Business Ethics","https://www.scopus.com/inward/record.uri?eid=2-s2.0-0030121915&doi=10.1007%2fBF00380363&partnerID=40&md5=4d2d20ccc157fb5e54667db252581e56",Article,Scopus
"Levy M., Dubinsky A.J.","Identifying and addressing retail salespeople's ethical problems: A method and application",1983,"Journal of Retailing",,,Scopus
"Kuo F.-Y., Hsu M.-H.","Development and validation of ethical computer self-efficacy measure: The case of softlifting",2001,"Journal of Business Ethics","https://www.scopus.com/inward/record.uri?eid=2-s2.0-0040436852&doi=10.1023%2fA%3a1010715504824&partnerID=40&md5=704efb6c1fc0377249ea660dd8c52965",Review,Scopus
"Eckhoff T.",[No title available],1974,"Justice: Its Determinants in Social Interaction",,,Scopus
"Watson R.T., Brancheau J.C.","Key issues in information systems management. An international perspective",1991,"Information and Management","https://www.scopus.com/inward/record.uri?eid=2-s2.0-50749133711&doi=10.1016%2f0378-7206%2891%2990056-8&partnerID=40&md5=898e674a389e836bed499d36aaa042c7",Article,Scopus
"Huff C., Martin C.D.","Computing Consequences: A Framework for Teaching Ethical Computing",1995,"Communications of the ACM","https://www.scopus.com/inward/record.uri?eid=2-s2.0-84976674130&doi=10.1145%2f219663.219687&partnerID=40&md5=d7d3603b71cbbf6541f1965afefb99a6",Article,Scopus
"Stevens G.","Business ethics and social responsibility: The response of present and future managers",1984,"Akron Business and Economic Review",,,Scopus
"Kreie J., Cronan T.P.","How Men and Women View Ethics",1998,"Communications of the ACM","https://www.scopus.com/inward/record.uri?eid=2-s2.0-0032155964&doi=10.1145%2f285070.285084&partnerID=40&md5=7f4e0265c9ba78cd565b698da65cf19d",Article,Scopus
"Joshi K.","An Investigation of Equity as a Determinant of User Information Satisfaction",1990,"Decision Sciences","https://www.scopus.com/inward/record.uri?eid=2-s2.0-84985854725&doi=10.1111%2fj.1540-5915.1990.tb01250.x&partnerID=40&md5=245c963fb37dec138971fb8c444a79c8",Article,Scopus
"Randall D.M.","Taking stock: Can the theory of reasoned action explain unethical conduct?",1989,"Journal of Business Ethics","https://www.scopus.com/inward/record.uri?eid=2-s2.0-0001502438&doi=10.1007%2fBF00384531&partnerID=40&md5=f238e38cae244ba7c52c56a95b586aff",Article,Scopus
"Oz E.","Ethical standards for information systems professionals: A case for a unified code",1992,"MIS Quarterly: Management Information Systems","https://www.scopus.com/inward/record.uri?eid=2-s2.0-33748811786&doi=10.2307%2f249729&partnerID=40&md5=1aa6c0301a22ebbd4457ac447f1d9531",Article,Scopus
"Joshi K.","The measurement of fairness or equity perceptions of management information systems users",1989,"MIS Quarterly: Management Information Systems","https://www.scopus.com/inward/record.uri?eid=2-s2.0-0001591973&doi=10.2307%2f249010&partnerID=40&md5=117c9aae01333a894a6ce932670cd2b1",Article,Scopus
"Cotteman W., Senn J.",[No title available],1992,"Challenges and Strategies for Research in Systems Development",,,Scopus
"Couger J.D.","Preparing IS students to deal with ethical issues",1989,"MIS Quarterly: Management Information Systems","https://www.scopus.com/inward/record.uri?eid=2-s2.0-55249107453&doi=10.2307%2f248930&partnerID=40&md5=da16092d7c52fe7be88ee961968a564b",Article,Scopus
"Conger S., Loch K.D., Helft B.L.","Ethics and information technology use: a factor analysis of attitudes to computer use",1995,"Information Systems Journal","https://www.scopus.com/inward/record.uri?eid=2-s2.0-0029506317&doi=10.1111%2fj.1365-2575.1995.tb00106.x&partnerID=40&md5=2d843b6be3f31aaa96512aa81ffd2240",Article,Scopus
"Laudon K.C.","Ethical Concepts and Information Technology",1995,"Communications of the ACM","https://www.scopus.com/inward/record.uri?eid=2-s2.0-84976745037&doi=10.1145%2f219663.219677&partnerID=40&md5=507889ca0dbfe8f2d34bd4ab04046f38",Article,Scopus
"Taylor G.S., Shim J.P.","A Comparative Examination of Attitudes Toward Software Piracy Among Business Professors and Executives",1993,"Human Relations","https://www.scopus.com/inward/record.uri?eid=2-s2.0-84973740128&doi=10.1177%2f001872679304600401&partnerID=40&md5=0a782fa3d0d109b66d97d90519704da7",Article,Scopus
"Parker D.B., Swope S., Baker B.N.","Ethical conflicts in information and computer science",1990,"Ethical Conflicts in Information and Computer Science, Technology, and Business",,,Scopus
"Warburton N.",[No title available],2004,"Philosophy: The Basics",,,Scopus
"Paradice D.B., Dejoie R.M.","The ethical decision-making processes of information systems workers",1991,"Journal of Business Ethics","https://www.scopus.com/inward/record.uri?eid=2-s2.0-0039502924&doi=10.1007%2fBF00383688&partnerID=40&md5=aee2868604fd1ee1f15246c172c23437",Article,Scopus
"Wood-Harper A.T., Corder S., Wood J.R.G., Watson H.","How We Profess: The Ethical Systems Analyst",1996,"Communications of the ACM","https://www.scopus.com/inward/record.uri?eid=2-s2.0-0030108138&doi=10.1145%2f227234.227244&partnerID=40&md5=fa9fbb4b2f0105066c3f06a28f49c344",Article,Scopus
"Freeman R.E., Gilbert Jr. D.R., Hartman E.","Values and the foundations of strategic management",1988,"Journal of Business Ethics","https://www.scopus.com/inward/record.uri?eid=2-s2.0-0001087194&doi=10.1007%2fBF00383045&partnerID=40&md5=a1b60364e2928d3a7289b1a86d46bce9",Article,Scopus
"Kini R.B., Rominger A., Vijayaraman B.S.","An empirical study of software piracy and moral intensity among university students",2000,"Journal of Computer Information Systems","https://www.scopus.com/inward/record.uri?eid=2-s2.0-23044520001&partnerID=40&md5=7efee678919dfa29223c24bd506aa1bc",Article,Scopus
"Cohen E., Cornwell L.","A question of ethics: Developing information system ethics",1989,"Journal of Business Ethics","https://www.scopus.com/inward/record.uri?eid=2-s2.0-0001003693&doi=10.1007%2fBF00381809&partnerID=40&md5=611726dd74df94a84d2b4203696fb024",Article,Scopus
"Nascimento F., Vanhonacker W.R.","Optimal strategic pricing of reproducible consumer products",1988,"Management Science",,,Scopus
"Weckert J., Adeney D.",[No title available],1997,"Computer and Information Ethics",,,Scopus
"Severson R.J.",[No title available],1997,"The Principles of Information Ethics",,,Scopus
"Mason R.O.","Ethics to Information Technology issues",1995,"Communications of the ACM","https://www.scopus.com/inward/record.uri?eid=2-s2.0-84976748294&doi=10.1145%2f219663.219681&partnerID=40&md5=10dc0cba1d273f16c5d6a1ccf2c23f3b",Article,Scopus
"George R.J.","Teaching business ethics: Is there a gap between rhetoric and reality?",1987,"Journal of Business Ethics","https://www.scopus.com/inward/record.uri?eid=2-s2.0-0001561549&doi=10.1007%2fBF00383742&partnerID=40&md5=c7e45a54039abc2dc5dfacbb45133596",Article,Scopus
"Williams S.W., Ogletree S.M., Woodburn W., Raffeld P.","Gender roles, computer attitudes, and dyadic computer interaction performance in college students",1993,"Sex Roles","https://www.scopus.com/inward/record.uri?eid=2-s2.0-34250083303&doi=10.1007%2fBF00289325&partnerID=40&md5=e9a93c00786db02382a0e47800f2744d",Article,Scopus
"Kini R.B., Ramakrishna H.V., Vijayaraman B.S.","An exploratory study of moral intensity regarding software piracy of students in Thailand",2003,"Behaviour and Information Technology","https://www.scopus.com/inward/record.uri?eid=2-s2.0-0037276453&doi=10.1080%2f01449290301784&partnerID=40&md5=0811b3d5edf4f95a9f0dce1cb9c764b8",Article,Scopus
"Oz E.","The attitude of managers-to-be toward software piracy",1990,"OR/MS Today",,,Scopus
"Al-Jabri I.M., Abdul-Gader A.H.","Software copyright infringements: An exploratory study of the effects of individual and peer beliefs",1997,"Omega","https://www.scopus.com/inward/record.uri?eid=2-s2.0-0031161643&doi=10.1016%2fS0305-0483%2896%2900053-9&partnerID=40&md5=33a2e5921dd4064e859706330fa9932c",Article,Scopus
"Dejoie R., Fowler G., Paradice D.",[No title available],1991,"Ethical Issues in Information Systems",,,Scopus
"Baxter G.D., Rarick C.A.","Education for the moral development of managers: Kohlberg's stages of moral development and integrative education",1987,"Journal of Business Ethics","https://www.scopus.com/inward/record.uri?eid=2-s2.0-0001092414&doi=10.1007%2fBF00382871&partnerID=40&md5=0b5b9c8b4694d6f7ec54957ee55e4504",Article,Scopus
"Hsu Meng Hsiang, Lin Tung-Ching, Kuo Feng-Yang, Sun Pei-Cheng","Intention model-based study of software piracy",1999,"Proceedings of the Hawaii International Conference on System Sciences","https://www.scopus.com/inward/record.uri?eid=2-s2.0-0032715722&partnerID=40&md5=9df22fc7eabefff12aa5566564c657f1",Conference Paper,Scopus
"Athey S.","A comparison of experts' and high tech students' ethical beliefs in computer-related situations",1993,"Journal of Business Ethics","https://www.scopus.com/inward/record.uri?eid=2-s2.0-0003111483&doi=10.1007%2fBF00882026&partnerID=40&md5=9df1ac60e3475babdee02cff27f44d3c",Article,Scopus
"Langford D.",[No title available],1995,"Practical Computer Ethics",,,Scopus
"Hoffman W.M., Moore J.M.","Results of a business ethics curriculum survey conducted by the center for business ethics",1982,"Journal of Business Ethics","https://www.scopus.com/inward/record.uri?eid=2-s2.0-12144253825&doi=10.1007%2fBF00412075&partnerID=40&md5=8684a05947e1f2e20dc2d5e08baa1c86",Article,Scopus
"Reid R.A., Thompson J.K., Logsdon J.M.","Knowledge and attitudes of management students toward software piracy",1992,"Journal of Computer Information Systems",,,Scopus
"Rahim Md.M., Seyal A.H., Rahman M.N.A.","Software piracy among computing students: A Bruneian scenario",1999,"Computers and Education","https://www.scopus.com/inward/record.uri?eid=2-s2.0-0007391492&doi=10.1016%2fS0360-1315%2899%2900010-X&partnerID=40&md5=f6e5a2b4b6e20e5b66d70b95ec729d76",Article,Scopus
"Harrington S.J.","Why People Copy Software and Create Computer Viruses",1989,"Information Resources Management Journal (IRMJ)","https://www.scopus.com/inward/record.uri?eid=2-s2.0-0011664858&doi=10.4018%2firmj.1989070103&partnerID=40&md5=03b0afbbbdb98077a8e8a6b535e0ff06",Article,Scopus
"Wong G., Kong A., Ngai S.","A study of unauthorized software copying among post-secondary students in Hong Kong",1990,"The Australian Computer Journal",,,Scopus
"Cohen E., Cornwell L.","College students believe piracy is acceptable",1989,"CIS Educator Forum",,,Scopus
"Bowyer K.W.",[No title available],2001,"Ethics and Computing: Living Responsibly in a Computerized World",,,Scopus
"Im J.H., Van Epps P.D.","Software piracy and software security measures in business schools",1992,"Information and Management","https://www.scopus.com/inward/record.uri?eid=2-s2.0-0000460271&doi=10.1016%2f0378-7206%2892%2990044-G&partnerID=40&md5=4d8423337031e6161c49b7d6a434b165",Article,Scopus
"Reilly B.J., Kyj M.J.","Economics and ethics",1990,"Journal of Business Ethics","https://www.scopus.com/inward/record.uri?eid=2-s2.0-0040688040&doi=10.1007%2fBF00386351&partnerID=40&md5=9d93f656891881c2a5321bfb82de5b98",Article,Scopus
"Brady F.N.","Rules for making exceptions to rules",1987,"Academy of Management Review",,,Scopus
"RICHARDS P., TITTLE C.R.","Socioeconomic Status and Perceptions of Personal Arrest Probabilities",1982,"Criminology","https://www.scopus.com/inward/record.uri?eid=2-s2.0-84984323099&doi=10.1111%2fj.1745-9125.1982.tb00465.x&partnerID=40&md5=9658f6c0e0064d7b6129e52b3bac583a",Article,Scopus
"Im J.H., Van Epps P.D.","Software Piracy and Software Security in Business Schools: An Ethical Perspective",1991,"ACM SIGMIS Database","https://www.scopus.com/inward/record.uri?eid=2-s2.0-0011655037&doi=10.1145%2f126743.126747&partnerID=40&md5=73d07d701a63fc873160bb061f6e2f48",Article,Scopus
"Meurer M.J.","Price discrimination, personal use and piracy: Copyright protection of digital works",1997,"Buffalo Law Review",,,Scopus
"Samuelson P.","Copyright's Fair Use Doctrine and Digital Data",1994,"Communications of the ACM","https://www.scopus.com/inward/record.uri?eid=2-s2.0-0027962062&doi=10.1145%2f175222.175233&partnerID=40&md5=caeba1380a313946144d6b59ff7c1e99",Article,Scopus
"Samuelson P.","Digital media and the law",1991,"Communications of the ACM","https://www.scopus.com/inward/record.uri?eid=2-s2.0-84976663525&doi=10.1145%2f125223.125289&partnerID=40&md5=3352d9f6eec46ea440b577f9f2db6ff4",Article,Scopus
"Rahlm Md.M., Rahman Mohd.N.Abd., Seyal A.H.","Software piracy among academics: An empirical study in Brunei Darussalam",2000,"Information Management and Computer Security","https://www.scopus.com/inward/record.uri?eid=2-s2.0-0033689780&doi=10.1108%2f09685220010312326&partnerID=40&md5=c5b5336ea67ec73a9ccc8c66abc752d4",Article,Scopus
"Nissenbaum H.","Should I copy my neighbor's software?",1995,"Computer Ethics and Social Values",,,Scopus
"Solomon S.L., O'Brien J.A.","The effect of demographic factors on attitudes toward software piracy",1991,"Ethical Issues in Information Systems",,,Scopus
"Sorenson J.R., Tschirhart J.T., Whinston A.B.","Private good clubs and the core",1978,"Journal of Public Economics","https://www.scopus.com/inward/record.uri?eid=2-s2.0-0005225561&doi=10.1016%2f0047-2727%2878%2990006-3&partnerID=40&md5=019559630a9fe99ffedee6dd2610ce23",Article,Scopus
"Im J.H., Koen C.","Software piracy and responsibilities of educational institutions",1990,"Information and Management","https://www.scopus.com/inward/record.uri?eid=2-s2.0-6744219555&doi=10.1016%2f0378-7206%2890%2990039-K&partnerID=40&md5=de8f92a84e697633f9f7c01de0deaf64",Article,Scopus
"Shim J.P., Taylor G.S.","Practicing managers' perception/attitudes towards illegal software copying",1989,"OR/MS Today",,,Scopus
"Bequai A.",[No title available],1987,"Technocrimes",,,Scopus
"Wong K.","Computer crime - Risk management and computer security",1985,"Computers and Security","https://www.scopus.com/inward/record.uri?eid=2-s2.0-0022178828&doi=10.1016%2f0167-4048%2885%2990047-1&partnerID=40&md5=60556660e577fe107639352a33b76bbe",Article,Scopus
"Sacco V.F., Zureik E.","Correlates of computer misuse: Data from a self-reporting sample",1990,"Behaviour and Information Technology","https://www.scopus.com/inward/record.uri?eid=2-s2.0-0011532430&doi=10.1080%2f01449299008924250&partnerID=40&md5=5a077b5618f50a66a4d20b54c254ad5b",Article,Scopus
"Blumstein A., Cohen J., Nagin D.","Introduction",1978,"Deterrence and Incapacitation: Estimating the Effects of Criminal Sanctions on Crime Rates",,,Scopus
"Järvinen P.","The new classification of research approaches",1997,"The IFIP Pink Summary - 36 Years of IFIP",,,Scopus
"Airaksinen T.",[No title available],1987,"Moraalifilosofia",,,Scopus
"Stallman R.","Why software should be free",1995,"Computers, Ethics & Social Values",,,Scopus
"Collins W.R., Miller K.W.","Paramedic ethics for computer professionals",1992,"The Journal of Systems and Software","https://www.scopus.com/inward/record.uri?eid=2-s2.0-0026715535&doi=10.1016%2f0164-1212%2892%2990077-W&partnerID=40&md5=cad414bd36c48c519e1852bf0a935f61",Article,Scopus
[No author name available],"Seventh annual BSA global software piracy study",2002,"Seventh Annual BSA Global Software Piracy Study",,,Scopus
"Lobel T.E.","Gender differences in adolescents' cheating behavior: an interactional model",1993,"Personality and Individual Differences","https://www.scopus.com/inward/record.uri?eid=2-s2.0-38249007046&doi=10.1016%2f0191-8869%2893%2990204-G&partnerID=40&md5=fcfc94dfa97f42a2c2cd91c526794701",Article,Scopus
"Kowalski S., Kowalski H.","Computer ethics and computer abuse: A study of Swedish and Canadian university data processing students",1990,"Information Age",,,Scopus
"Manski C.F.","Prospects for Inference on Deterrence through Empirical Analysis of Individual Criminal Behavior",1978,"Deterrence and Incapacitation: Estimating the Effects of Criminal Sanctions on Crime Rates",,,Scopus
"Shim J.P., Taylor G.S.","Business faculty members' perceptions of unauthorized software copying",1988,"OR/MS Today",,,Scopus
"Pereira L.B., Kanekar S.","Perceptions of initiatory and retaliatory cheating behaviour",1984,"Indian Psychologist",,,Scopus
"Peace A.G., Galletta D.F.","Developing a predictive model of software piracy behaviour: An empirical study",1996,"Proceedings of the Seventeenth International Conference on Information Systems",,,Scopus
"Athey S., Plotnicki J.","Would the software police find your company guilty?",1994,"Journal of Systems Management",,,Scopus
"Shim J.P., Taylor G.S.","A comparative study of unauthorized software copying: Information systems faculty members' vs. practicing managers' perceptions",1991,"Ethical Issues in Information Systems",,,Scopus
"Mason J.","Crackdown on software pirates",1990,"Computerworld",,,Scopus
"Stallman R.","The GNU manifesto",1997,"Computers, Ethics and Society",,,Scopus
"Kling R.","Beyond Outlaws, Hackers, and Pirates: Ethical Issues in the Work of Information and Computer Science Professionals",1996,"Computerisation and Controversy: Value Conflicts and Social Choices (2nd Edn)",,,Scopus
"Glenn J.R., Jr.","Business curriculum and ethics: Student attitudes and behavior",1988,"Business and Professional Ethics Journal",,,Scopus
"Athey T.H., Zmud R.W.",[No title available],2013,"Computers and Information Systems",,,Scopus
"Bergeron F., Raymond L., Rivard S., Gara M.F.","Understanding EIS use: An empirical test of a behavioral model",1992,"Proc. 25th Annu. Hawaii Int. Conf. System Sciences (HICSS-25)",,,Scopus
"Strikwerda R.B., Ross J.M.","Software and ethical softness",1992,"Collegiate Microcomputer",,,Scopus
"Luegenbiehl H.C.","Computer professionals: Moral autonomy and a code of ethics",1992,"The Journal of Systems and Software","https://www.scopus.com/inward/record.uri?eid=2-s2.0-0026747551&doi=10.1016%2f0164-1212%2892%2990081-T&partnerID=40&md5=05778c505bdbe78052cdcda5787b3ee8",Article,Scopus
"Antonoff M.","Can we end software piracy?",1987,"Personal Computing",,,Scopus
"Antonoff M.","The decline of copy protection",1987,"Personal Computing",,,Scopus
"Ang A.Y., Lo B.W.N.","Software piracy attitudes of tertiary students in Australia",1998,"Electronic Proceedings of the South East Asian Computer Conference",,,Scopus
"Robinson R.K., Reithel B.J.","The software piracy dilemma in public administration: A survey of university software policy enforcement",1994,"Public Administration Quarterly",,,Scopus
"Wood W.A.","Computer ethics and years of computer use",1993,"Journal of Computer Information Systems",,,Scopus
"Render B., Stair R., Jr.","Microcomputer Technology in Schools of Business",1987,"Interfaces",,,Scopus
"Ballantine P.","Examining the effect of culture on perceptions of moral intensity: Comparison of future marketers from Malaysia and New Zealand",2000,"In Proceedings of ANZMAC",,,Scopus
"Lane Peggy L., Lane Michael R.","Ethical views and behavior regarding software: Undergraduate business students vs. MBA students",1996,"Proceedings - Annual Meeting of the Decision Sciences Institute","https://www.scopus.com/inward/record.uri?eid=2-s2.0-0030357199&partnerID=40&md5=a8e88dcb73b67dd02bd220a7d71b5906",Conference Paper,Scopus
"Samuelson P.","Computer Programs and Copyright's Fair Use Doctrine",1993,"Communications of the ACM","https://www.scopus.com/inward/record.uri?eid=2-s2.0-84976804005&doi=10.1145%2f162685.162693&partnerID=40&md5=64f4902741f4da373967620de7574cd0",Article,Scopus
"Watson R.T., Pitt L.F.","Personal computing ethics: Beliefs and behaviour",1993,"International Journal of Information Management","https://www.scopus.com/inward/record.uri?eid=2-s2.0-0346443283&doi=10.1016%2f0268-4012%2893%2990019-Z&partnerID=40&md5=36082b41856d7204f31545083e1c92f5",Article,Scopus
"Smiddy J.D., Smiddy L.O.","Caught in the act",1985,"Datamation",,,Scopus
"Cheng H.K.","Hacking, computer viruses, and software piracy: The implications of modern computer fraud for corporations",1995,"Corporate Misconduct: The Legal Societal and Management Issues",,,Scopus
"Gabella G., Picasso M.-D.","PC software industry lost $8.08 billion to pirates in 1994 piracy rate in the US declines",1995,"Information and Management","https://www.scopus.com/inward/record.uri?eid=2-s2.0-0010808260&doi=10.1016%2f0378-7206%2895%2900029-2&partnerID=40&md5=142a034a2797bfd1de238b00a3f35aa8",Article,Scopus
"Watson R.T., Pitt L.F.","Determinants of behavior towards ethical issues in personal computing",1993,"Omega","https://www.scopus.com/inward/record.uri?eid=2-s2.0-0010932306&doi=10.1016%2f0305-0483%2893%2990078-Y&partnerID=40&md5=db3787bca9c0d675ee2c80d0e0071aef",Article,Scopus
"Dejoie R.M., Fowler G.C., Paradice D.B.","A framework for the study of information systems & ethical decision-making processes",1991,"Ethical Issues in Information Systems",,,Scopus
"Jerry S.","Users must take responsibility to control the illegal copying of software",1987,"InfoWorld",,,Scopus
"Morgan M.J., Ruskell D.J.","Software Piracy - The Problems",1987,"Industrial Management & Data Systems","https://www.scopus.com/inward/record.uri?eid=2-s2.0-0347574441&doi=10.1108%2feb057469&partnerID=40&md5=8d102e4cdf3f868f4a5648359a9d3d8f",Review,Scopus
"Heide Dorothy, Hightower James K.","TEACHING ETHICS IN THE INFORMATION SCIENCES CURRICULA.",1982,"Proceedings - Annual Meeting of the American Institute for Decision Sciences","https://www.scopus.com/inward/record.uri?eid=2-s2.0-0020253741&partnerID=40&md5=9b3868bb5f6b713288e2e4cf2f8cc137",Conference Paper,Scopus
"Brightman H.J.","MANAGING THE DECISION SCIENCE TECHNOLOGY: A CASE FOR ETHICAL ANALYSIS?",1981,"Decision Sciences","https://www.scopus.com/inward/record.uri?eid=2-s2.0-84989433238&doi=10.1111%2fj.1540-5915.1981.tb00119.x&partnerID=40&md5=d769d96c872b1e88396e0cc1e13cca65",Article,Scopus
[No author name available],"Software piracy costs $11.4b",1998,"Borneo Bulletin News Paper",,,Scopus
"Pearson J., Smith G., Weber J., Maremont M.","The Patent Pirates Are Finally Walking the Plank",1992,"Business Week",,,Scopus
"Gwynne P.","Stalking asian software pirates",1992,"Technology Review",,,Scopus
"Bommer M., Gratto C., Gravander J., Tuttle M.","A behavioral model of ethical and unethical decision making",1991,"Ethical Issues in Information Systems",,,Scopus
"Hare R.M.","Some confusions about subjectivity",1976,"Freedom and Morality",,,Scopus
"Moore G.E.",[No title available],1903,"Principia Ethicia",,,Scopus
"Cho K., Eining M.","Information ethics: An empirical investigation of Korea and the United States",1997,"Proceedings of the American Accounting Association",,,Scopus
"Weckert J.","Intellectual property rights and computer software",1997,"Journal of Business Ethics",,,Scopus
[No author name available],[No title available],1994,"Statistical Year Book of Brunei",,,Scopus
"Siwek S., Furchtgott-Roth H.",[No title available],1993,"The U.S. Software Industry: Economic Contribution in the U.S. and World Markets",,,Scopus
"Anthes G.H.","Study cites software industry growth, piracy problems",1993,"Computer-world",,,Scopus
"Gopal R.D., Sanders G.L.","The effect of preventive and deterrent software piracy strategies on producer profits",1992,"Proc. 13th Int. Conf. on Information Systems",,,Scopus
"Wood W.","A View of Computer Ethics by Managers and Students",1991,"Journal of Computer Information Systems",,,Scopus
"Buckeley W.M.","Software Users Are Beginning to Rebel Against the Steady Stream of Upgrades",1990,"Wall Street J",,,Scopus
"Zagorsky J.","The upside of software piracy",1990,"Computerworld",,,Scopus
"Hoffman G.M.","Piracy of Intellectual Property",1990,"Bulletin of ASIS",,,Scopus
"Ruhnka J.C., Weller S.","The ethical implications of corporate records management practices and some suggested ethical values for decisions",1990,"Journal of Business Ethics","https://www.scopus.com/inward/record.uri?eid=2-s2.0-0039502859&doi=10.1007%2fBF00382657&partnerID=40&md5=c4fa772a0eafe39bdcd0879148d9e181",Article,Scopus
"Machrone B.","The copyright fight",1987,"PC Magazine",,,Scopus
"Pallatto J.","Software and the law",1986,"PC Week",,,Scopus
"DiNacci D.","Software piracy: Is your company liable?",1985,"Business",,,Scopus
"Graft W.C.","Combating software Piracy: A Statutory Proposal to Strengthen Software Copyright",1985,"Depaul Law Review",,,Scopus
"Sterne R.G., Saidman P.","Copying Mass-Marketed Software",1985,"Byte",,,Scopus
"Clymer A.","Low Marks for Executive Honesty",1985,"The New York Times",,,Scopus
"Brown C.V.","Editor's comments",2013,"MIS Quarterly Executive","https://www.scopus.com/inward/record.uri?eid=2-s2.0-84878683462&partnerID=40&md5=5ad8a61d56e3ef273e40d0e4364c8654",Editorial,Scopus
"McLaughlin K.",[No title available],1998,"San Jose Mercury News",,,Scopus
[No author name available],[No title available],1998,"Institut Teknologi Brunei Prospectus",,,Scopus
[No author name available],[No title available],1997,"Universiti Brunei Darussalam Prospectus 1997-98",,,Scopus
"Snapper J.W.","Ownership of computer software",1995,"Computers, Ethics and Social Values",,,Scopus
"Kuflik A.","Moral Foundations of Intellectual Property Rights",1995,"Computers, Ethics & Social Values",,,Scopus
"Harrington S.J.","The anomaly of other-directedness: When normally ethical IS personnel are unethical",1995,"Computer Personnel",,,Scopus
"Einhorn B.","Fake Windows, Ersatz DOS, Angry Uncle Sam",1992,"Business Week",,,Scopus
"Shim J.P., Taylor G.S.","A comparative study of unauthorized software copying: Information systems faculty members' vs. practicing managers perceptions",1990,"Ethical Issues in Information Systems",,,Scopus
"Fuentebella C.","Testing limits of software copyright",1989,"Bank Systems and Equipment",,,Scopus
"SILBURT D.","The disk takers",1987,"Canadian Business",,,Scopus
"BloomBecker J.J.O.","Computer ethics: An antidote to despair",1987,"SIGCAS Computers and Society",,,Scopus
"Ellis D.R.","Computer Law-A Primer on the Law of Software Protection",1986,"The Florida Bar Journal",,,Scopus
"Valigura L.","ADAPSO battles micro software pirates",1985,"Mini-Micro Systems",,,Scopus
"Akers John F.","SMR FORUM: A RESPONSIBLE FUTURE - AN ADDRESS TO THE COMPUTER INDUSTRY.",1984,"Sloan management review","https://www.scopus.com/inward/record.uri?eid=2-s2.0-0021483781&partnerID=40&md5=82a6c1db9030c1392ddcd4a097a650df",Article,Scopus
"Harrison A.","Software piracy tops $1 billion",1999,"Computerworld",,,Scopus
"Hare R.M.","Foundationalism and coherentism",1999,"Objective Prescriptions and Other Essays",,,Scopus
"Jakonen J.","Luciano floridin informaatioetiikka ja sen soveltaminen käytäntöön",1999,"Proceedings of the First International Computer Ethics Workshop in Finland (ICEF '99)",,,Scopus
[No author name available],[No title available],1999,,,,Scopus
[No author name available],[No title available],1999,,,,Scopus
[No author name available],[No title available],1999,"SIIA's Report in Global Software Piracy",,,Scopus
[No author name available],[No title available],1999,"Focus Computer School Prospectus",,,Scopus
"Floridi L.",[No title available],1998,"Does Information Have a Moral Worth in Itself? Computer Ethics: Philosophical Enquiry (CEPE' 98)",,,Scopus
"Kirsch G.J.","The changing roles of patent and copyright protection for software and communication technology",1998,"Knowright '98: 2nd International Conference on Intellectual Property Rights and Free Flow of Information. Proceedings of the XVth IFIP World Computer Congress",,,Scopus
"Siponen M.T., Kajava J.","The moralistic dimensions of unauthorised copying of software: Selected issues",1998,"EthicComp '98: The Fourth International Conference on Ethical Issues of Information Technology",,,Scopus
[No author name available],[No title available],1998,,,,Scopus
[No author name available],[No title available],1997,"Piracy Rep.",,,Scopus
"Quircmayr G.","Selected legal issues related to internet use",1997,"3rd International Conference on Reliability, Quality and Safety of Software-Intensive Systems ENCRESS '97",,,Scopus
[No author name available],[No title available],1997,,,,Scopus
[No author name available],[No title available],1997,,,,Scopus
[No author name available],"Why software copy protection is necessary?",1996,"BSA Press Release",,,Scopus
[No author name available],[No title available],1995,"1994 Software Piracy Report",,,Scopus
"Elmer-Dewitt P.","Nabbing the pirates of the cyberspace: Will the latest crackdowns make a dent in global problems of the legal software duplication?",1994,"Time",,,Scopus
"Martin J.","Freeze, it's the cyber fuzz",1994,"Fortune",,,Scopus
"Resnick A.J.","Curbing software pirates",1993,"CA Magazine",,,Scopus
"Levy S.","The rap on software piracy",1993,"MacWorld",,,Scopus
"Willett S.","SPA investigates reports of rampant piracy on the Internet",1993,"Info World",,,Scopus
"Im J.H., Van Epps P.D.","Legal and ethical issues of software piracy",1992,"IACIS",,,Scopus
"McCarroll T.","Whose Bright Idea?",1991,"Time",,,Scopus
[No author name available],"SPA issues graphic warning",1991,"InfoWorld",,,Scopus
"Paolo D.N.","Vendors come together to form CAAST",1991,"ComputerData",,,Scopus
"Parry J.","Pirates in the dock",1991,"International Management",,,Scopus
"Kapor M.","testimony before the House Subcommittee on Courts",1990,"Intellectual Property, and the Administration of Justice",,,Scopus
"KEEFE P.","Manzi defends Lotus' fight to protect 1-2-3 copyright",1990,"Computerworld",,,Scopus
"IM J.H., KOEN C.","Software piracy and responsibilities of educational institutions",1989,,,,Scopus
"SWASEY L.","Software leasing expected to boom",1989,"MIS Week",,,Scopus
"Stern R.H.","The Berne Convention: A Bad Idea Whose Time Has Come?",1988,"IEEE Micro",,,Scopus
[No author name available],"Protection of Mass-Marketed Software in the Waning Days of Shrink-Wrap Licenses",1988,"Computer Law & Intellectual Property (CLIPNOTES)",,,Scopus
[No author name available],"The Constitution of the United States of America",1988,"Article I, Section 8 “Copying the Look and Feel of Computer software: Fair Competition or Copyright Violation?”",,,Scopus
[No author name available],[No title available],1987,"Vault Corp. v. Quaid Software Ltd., 655 F. Supp. 750",,,Scopus
"Benham H.C., Wagner J.L.","Software publishing and the economic impact of copying",1987,"International Conference on Information Systems",,,Scopus
"Carrol P.B.","On your honor: Software firms remove copy-protection devices",1986,"Wall Street Journal",,,Scopus
"Bullock L.C.",[No title available],1986,"Shoplifting? No, Softlifting",,,Scopus
"Helm V.","What Educators Should Know About Copyright",1986,"Phi Delta Kappa Education Foundation",,,Scopus
[No author name available],"GALLUP OPINION INDEX",1985,"Honest and ethical standards of business executives",,,Scopus
[No author name available],"Thou Shalt Not Dupe",1984,"Association of Data Processing",,,Scopus
"SOLOMON R.C.",[No title available],1984,"Ethics",,,Scopus
[No author name available],[No title available],1980,"The Uniform Trade Secrets Act",,,Scopus
[No author name available],[No title available],1976,"Amended 1980-Title XVII, U.S.C.",,,Scopus
[No author name available],[No title available],0000,,,,Scopus
[No author name available],[No title available],0000,,,,Scopus
[No author name available],[No title available],0000,,,,Scopus
[No author name available],[No title available],0000,,,,Scopus
[No author name available],[No title available],0000,,,,Scopus
[No author name available],[No title available],0000,,,,Scopus
[No author name available],[No title available],0000,,,,Scopus
[No author name available],[No title available],0000,,,,Scopus
[No author name available],[No title available],0000,,,,Scopus
[No author name available],[No title available],0000,,,,Scopus
[No author name available],[No title available],0000,,,,Scopus
[No author name available],[No title available],0000,,,,Scopus
[No author name available],[No title available],0000,,,,Scopus
[No author name available],[No title available],0000,,,,Scopus
[No author name available],[No title available],0000,,,,Scopus
[No author name available],[No title available],0000,,,,Scopus
[No author name available],[No title available],0000,,,,Scopus
[No author name available],[No title available],0000,,,,Scopus
[No author name available],[No title available],0000,,,,Scopus
[No author name available],[No title available],0000,,,,Scopus
[No author name available],[No title available],0000,,,,Scopus
[No author name available],[No title available],0000,,,,Scopus
[No author name available],[No title available],0000,,,,Scopus
[No author name available],[No title available],0000,,,,Scopus
[No author name available],[No title available],0000,,,,Scopus
[No author name available],[No title available],0000,,,,Scopus
[No author name available],[No title available],0000,,,,Scopus
[No author name available],[No title available],0000,,,,Scopus
[No author name available],[No title available],0000,,,,Scopus
[No author name available],[No title available],0000,,,,Scopus
