Author,Title,Year,Source Title,Document Type,FAMILY_TYPE
"Limayem M., Khalifa M., Chin W.W.",Factors motivating software piracy: A longitudinal study,2004,IEEE Transactions on Engineering Management,Article,PARENT
Harrison A.,Software piracy tops $1 billion,1999,Computerworld,,CHILD
"Cheng H.K., Sims R.R., Teegen H.",To purchase or to pirate software: An empirical study,1997,Journal of Management Information Systems,Article,CHILD
"Gopal R.D., Sanders G.L.",Preventive and deterrent controls for software piracy,1997,Journal of Management Information Systems,Article,CHILD
"Gopal R.D., Sanders G.L.",International Software Piracy: Analysis of Key Issues and Impacts,1998,Information Systems Research,Article,CHILD
"Robinson R.K., Reithel B.J.",The software piracy dilemma in public administration: A survey of university software policy enforcement,1994,Public Administration Quarterly,,CHILD
"Sims R.R., Cheng H.K., Teegen H.",Toward a profile of student software piraters,1996,Journal of Business Ethics,Article,CHILD
"Conner K.R., Rumelt R.P.",Software piracy: An analysis of protection strategies,1991,Management Science,,CHILD
"Glass R.S., Wood W.A.",Situational determinants of software piracy: An equity theory perspective,1996,Journal of Business Ethics,Article,CHILD
Harrington S.J.,Why People Copy Software and Create Computer Viruses,1989,Information Resources Management Journal (IRMJ),Article,CHILD
"Cohen E., Cornwell L.",A question of ethics: Developing information system ethics,1989,Journal of Business Ethics,Article,CHILD
"Solomon S.L., O'Brien J.A.",The effect of demographic factors on attitudes toward software piracy,1990,Journal of Computer Information Systems,,CHILD
Wood W.,A View of Computer Ethics by Managers and Students,1991,Journal of Computer Information Systems,,CHILD
"Logsdon J.M., Thompson J.K., Reid R.A.",Software piracy: Is it related to level of moral judgment?,1994,Journal of Business Ethics,Article,CHILD
"Pierce M.A., Henry J.W.","Computer ethics: The role of personal, informal, and formal codes",1996,Journal of Business Ethics,Article,CHILD
"Simpson P.M., Banerjee D., Simpson Jr. C.L.",Softlifting: A model of motivating factors,1994,Journal of Business Ethics,Article,CHILD
Harrington S.J.,The effect of codes of ethics and personal denial of responsibility on computer abuse judgments and intentions,1996,MIS Quarterly: Management Information Systems,Article,CHILD
"Loch K.D., Conger S.",Evaluating Ethical Decision Making and Computer Use,1996,Communications of the ACM,Article,CHILD
"Al-Jabri I.M., Abdul-Gader A.H.",Software copyright infringements: An exploratory study of the effects of individual and peer beliefs,1997,Omega,Article,CHILD
"Banerjee D., Cronan T.P., Jones T.W.",Modeling IT ethics: A study in situational ethics,1998,MIS Quarterly: Management Information Systems,Article,CHILD
"Kini R.B., Rominger A., Vijayaraman B.S.",An empirical study of software piracy and moral intensity among university students,2000,Journal of Computer Information Systems,Article,CHILD
Ajzen I.,The theory of planned behavior,1991,Organizational Behavior and Human Decision Processes,Article,CHILD
Triandis H.C.,"Values, attitudes, and interpersonal behavior",1980,Nebraska Symposium on Motivation,,CHILD
"Thompson R.L., Higgins C.A., Howell J.M.",Personal computing: Toward a conceptual model of utilization,1991,MIS Quarterly: Management Information Systems,Article,CHILD
"Thompson R.L., Higgins C.A., Howell J.M.",Influence of experience on personal computer utilization: Testing a conceptual model,1994,Journal of Management Information Systems,Article,CHILD
"Eining M.M., Christensen A.L.",A psycho-social model of software piracy: The development and test of a model,1991,Ethical Issues in Information Systems,,CHILD
"Kuo F.-Y., Hsu M.-H.",Development and validation of ethical computer self-efficacy measure: The case of softlifting,2001,Journal of Business Ethics,Review,CHILD
"Hsu Meng Hsiang, Lin Tung-Ching, Kuo Feng-Yang, Sun Pei-Cheng",Intention model-based study of software piracy,1999,Proceedings of the Hawaii International Conference on System Sciences,Conference Paper,CHILD
"Hunt S.D., Vitell S.",A General Theory of Marketing Ethics,1986,Journal of Macromarketing,Article,CHILD
"Bergeron F., Raymond L., Rivard S., Gara M.F.",Understanding EIS use: An empirical test of a behavioral model,1992,Proc. 25th Annu. Hawaii Int. Conf. System Sciences (HICSS-25),,CHILD
Machrone B.,The copyright fight,1987,PC Magazine,,CHILD
"Taylor G.S., Shim J.P.",A Comparative Examination of Attitudes Toward Software Piracy Among Business Professors and Executives,1993,Human Relations,Article,CHILD
"Im J.H., Koen C.",Software piracy and responsibilities of educational institutions,1990,Information and Management,Article,CHILD
"Im J.H., Van Epps P.D.",Software piracy and software security measures in business schools,1992,Information and Management,Article,CHILD
"Kowalski S., Kowalski H.",Computer ethics and computer abuse: A study of Swedish and Canadian university data processing students,1990,Information Age,,CHILD
"Davis J.R., Welton R.E.",Professional ethics: Business students' perceptions,1991,Journal of Business Ethics,Article,CHILD
"Moores T., Dhillon G.",Software piracy: A view from Hong Kong,2000,Communications of the ACM,Article,CHILD
"Mathieson K., Peacock E., Chin W.W.",Extending the Technology Acceptance Model: The Influence of Perceived User Resources,2001,Data Base for Advances in Information Systems,Article,CHILD
Wold H.,Introduction to the second generation of multivariate analysis,1989,Theoretical Empiricism,,CHILD
"Compeau D.R., Higgins C.A.",Application of social cognitive theory to training for computer skills,1995,Information Systems Research,Article,CHILD
Chin W.W.,Issues and opinion on structural equation modeling,1998,MIS Quarterly: Management Information Systems,Review,CHILD
Oz E.,The attitude of managers-to-be toward software piracy,1990,OR/MS Today,,CHILD
"Rahlm Md.M., Rahman Mohd.N.Abd., Seyal A.H.",Software piracy among academics: An empirical study in Brunei Darussalam,2000,Information Management and Computer Security,Article,CHILD
"Straub D.W., Nance W.D.",Discovering and disciplining computer abuse in organizations: A field study,1990,MIS Quarterly,,CHILD
"Gopal R.D., Sanders G.L.",The effect of preventive and deterrent software piracy strategies on producer profits,1992,Proc. 13th Int. Conf. on Information Systems,,CHILD
"Wong G., Kong A., Ngai S.",A study of unauthorized software copying among post-secondary students in Hong Kong,1990,The Australian Computer Journal,,CHILD
"Ang A.Y., Lo B.W.N.",Software piracy attitudes of tertiary students in Australia,1998,Electronic Proceedings of the South East Asian Computer Conference,,CHILD
"Kini R.B., Ramakrishna H.V., Vijayaraman B.S.",An exploratory study of moral intensity regarding software piracy of students in Thailand,2003,Behaviour and Information Technology,Article,CHILD
"Rahim Md.M., Seyal A.H., Rahman M.N.A.",Software piracy among computing students: A Bruneian scenario,1999,Computers and Education,Article,CHILD
"Swinyard W.R., Rinne H., Kau A.K.",The morality of software piracy: A cross-cultural analysis,1990,Journal of Business Ethics,Article,CHILD
Reference Count: 49,,,,,
,,,,,
"Kini R.B., Ramakrishna H.V., Vijayaraman B.S.",An exploratory study of moral intensity regarding software piracy of students in Thailand,2003,Behaviour and Information Technology,Article,PARENT
Athey S.,A comparison of experts' and high tech students' ethical beliefs in computer-related situations,1993,Journal of Business Ethics,Article,CHILD
"Athey S., Plotnicki J.",Would the software police find your company guilty?,1994,Journal of Systems Management,,CHILD
"Cheng H.K., Sims R.R., Teegen H.",To purchase or to pirate software: An empirical study,1997,Journal of Management Information Systems,Article,CHILD
"Cho K., Eining M.",Information ethics: An empirical investigation of Korea and the United States,1997,Proceedings of the American Accounting Association,,CHILD
"Eining M.M., Christensen A.L.",A psycho-social model of software piracy: The development and test of a model,1991,Ethical Issues in Information Systems,,CHILD
"Kini R.B., Rominger A., Vijayaraman B.S.",An empirical study of software piracy and moral intensity among university students,2000,Journal of Computer Information Systems,Article,CHILD
Kohlberg L.,Stage and sequence: The cognitive-developmental approach to socialization,1969,Handbook of Socialization Theory and Research,,CHILD
"Lane Peggy L., Lane Michael R.",Ethical views and behavior regarding software: Undergraduate business students vs. MBA students,1996,Proceedings - Annual Meeting of the Decision Sciences Institute,Conference Paper,CHILD
"Hsu Meng Hsiang, Lin Tung-Ching, Kuo Feng-Yang, Sun Pei-Cheng",Intention model-based study of software piracy,1999,Proceedings of the Hawaii International Conference on System Sciences,Conference Paper,CHILD
"Logsdon J.M., Thompson J.K., Reid R.A.",Software piracy: Is it related to level of moral judgment?,1994,Journal of Business Ethics,Article,CHILD
"Simpson P.M., Banerjee D., Simpson Jr. C.L.",Softlifting: A model of motivating factors,1994,Journal of Business Ethics,Article,CHILD
Reference Count: 11,,,,,
,,,,,
"Rahim M., Seyal A.H., Abd. Rahman M.N.",Factors affecting softlifting intention of computing students: An empirical study,2001,Journal of Educational Computing Research,Article,PARENT
Mason R.O.,Four ethical issues of the information age,1986,MIS Quarterly: Management Information Systems,Article,CHILD
Anthes G.H.,"Study cites software industry growth, piracy problems",1993,Computer-world,,CHILD
[No author name available],Software piracy costs $11.4b,1998,Borneo Bulletin News Paper,,CHILD
[No author name available],Why software copy protection is necessary?,1996,BSA Press Release,,CHILD
"Eining M.M., Christensen A.L.",A psycho-social model of software piracy: The development and test of a model,1991,Ethical Issues in Information Systems,,CHILD
"Kowalski S., Kowalski H.",Computer ethics and computer abuse: A study of Swedish and Canadian university data processing students,1990,Information Age,,CHILD
"Taylor G.S., Shim J.P.",A Comparative Examination of Attitudes Toward Software Piracy Among Business Professors and Executives,1993,Human Relations,Article,CHILD
"Simpson P.M., Banerjee D., Simpson Jr. C.L.",Softlifting: A model of motivating factors,1994,Journal of Business Ethics,Article,CHILD
"Peace A.G., Galletta D.F.",Developing a predictive model of software piracy behaviour: An empirical study,1996,Proceedings of the Seventeenth International Conference on Information Systems,,CHILD
"Sims R.R., Cheng H.K., Teegen H.",Toward a profile of student software piraters,1996,Journal of Business Ethics,Article,CHILD
"Rahim Md.M., Seyal A.H., Rahman M.N.A.",Software piracy among computing students: A Bruneian scenario,1999,Computers and Education,Article,CHILD
"Ang A.Y., Lo B.W.N.",Software piracy attitudes of tertiary students in Australia,1998,Electronic Proceedings of the South East Asian Computer Conference,,CHILD
"Thong J.Y.L., Yap C.-S.",Testing an ethical decision-making theory: The case of softlifting,1998,Journal of Management Information Systems,Article,CHILD
Randall D.M.,Taking stock: Can the theory of reasoned action explain unethical conduct?,1989,Journal of Business Ethics,Article,CHILD
"Christensen A.L., Eining M.M.",Factors influencing software piracy: Implications for accountants,1991,Journal of Information Systems,,CHILD
Wong K.,Computer crime - Risk management and computer security,1985,Computers and Security,Article,CHILD
"Williams S.W., Ogletree S.M., Woodburn W., Raffeld P.","Gender roles, computer attitudes, and dyadic computer interaction performance in college students",1993,Sex Roles,Article,CHILD
"Pereira L.B., Kanekar S.",Perceptions of initiatory and retaliatory cheating behaviour,1984,Indian Psychologist,,CHILD
"Loch K.D., Conger S.",Evaluating Ethical Decision Making and Computer Use,1996,Communications of the ACM,Article,CHILD
"Robinson R.K., Reithel B.J.",The software piracy dilemma in public administration: A survey of university software policy enforcement,1994,Public Administration Quarterly,,CHILD
"Gorsuch R.L., Ortberg J.",Moral obligation and attitudes: Their relation to behavioral intentions,1983,Journal of Personality and Social Psychology,Article,CHILD
Churchill G.A.,A paradigm for developing better measures of marketing constructs,1979,Journal of Marketing Research,,CHILD
"Swinyard W.R., Rinne H., Kau A.K.",The morality of software piracy: A cross-cultural analysis,1990,Journal of Business Ethics,Article,CHILD
"Cheng H.K., Sims R.R., Teegen H.",To purchase or to pirate software: An empirical study,1997,Journal of Management Information Systems,Article,CHILD
"Markus M.L., Robey D.",Information technology and organizational change: Causal structure in theory and research,1988,Management Science,,CHILD
"Igbaria M., Chakrabarti A.",Computer anxiety and attitudes towards microcomputer use,1990,Behaviour and Information Technology,Article,CHILD
Reference Count: 26,,,,,
,,,,,
Siponen M.,The relevance of software rights: An anthology of the divergence of sociopolitical doctrines,2001,AI and Society,Review,PARENT
Floridi L.,Information ethics: On the philosophical foundation of computer ethics,1999,Ethics and Information Technology,Article,CHILD
Hare R.M.,Some confusions about subjectivity,1976,Freedom and Morality,,CHILD
Hare R.M.,Foundationalism and coherentism,1999,Objective Prescriptions and Other Essays,,CHILD
Jakonen J.,Luciano floridin informaatioetiikka ja sen soveltaminen käytäntöön,1999,Proceedings of the First International Computer Ethics Workshop in Finland (ICEF '99),,CHILD
Järvinen P.,The new classification of research approaches,1997,The IFIP Pink Summary - 36 Years of IFIP,,CHILD
Kirsch G.J.,The changing roles of patent and copyright protection for software and communication technology,1998,Knowright '98: 2nd International Conference on Intellectual Property Rights and Free Flow of Information. Proceedings of the XVth IFIP World Computer Congress,,CHILD
Kuflik A.,Moral Foundations of Intellectual Property Rights,1995,"Computers, Ethics & Social Values",,CHILD
Mason R.O.,Four ethical issues of the information age,1986,MIS Quarterly: Management Information Systems,Article,CHILD
MOOR J.H.,WHAT IS COMPUTER ETHICS?,1985,Metaphilosophy,Article,CHILD
Nissenbaum H.,Should I copy my neighbor's software?,1995,Computer Ethics and Social Values,,CHILD
Popper K.,Philosophy of science: A personal report,1957,British Philosophy in the Mid-Century,,CHILD
Quircmayr G.,Selected legal issues related to internet use,1997,"3rd International Conference on Reliability, Quality and Safety of Software-Intensive Systems ENCRESS '97",,CHILD
"Siponen M.T., Kajava J.",The moralistic dimensions of unauthorised copying of software: Selected issues,1998,EthicComp '98: The Fourth International Conference on Ethical Issues of Information Technology,,CHILD
Snapper J.W.,Ownership of computer software,1995,"Computers, Ethics and Social Values",,CHILD
Stallman R.,Why software should be free,1995,"Computers, Ethics & Social Values",,CHILD
Stallman R.,The GNU manifesto,1997,"Computers, Ethics and Society",,CHILD
Weckert J.,Intellectual property rights and computer software,1997,Journal of Business Ethics,,CHILD
Reference Count: 17,,,,,
,,,,,
"Gopal R.D., Sanders G.L.",Global Software Piracy: You Can’T Get Blood Out of a Turnip,2000,Communications of the ACM,Article,PARENT
"Dewan S., Kraemer K.L.",International Dimensions of the Productivity Paradox,1998,Communications of the ACM,Article,CHILD
"Gopal R.D., Sanders G.L.",Preventive and deterrent controls for software piracy,1997,Journal of Management Information Systems,Article,CHILD
"Gopal R.D., Sanders G.L.",International Software Piracy: Analysis of Key Issues and Impacts,1998,Information Systems Research,Article,CHILD
Meurer M.J.,"Price discrimination, personal use and piracy: Copyright protection of digital works",1997,Buffalo Law Review,,CHILD
Reference Count: 4,,,,,
,,,,,
"Moores T., Dhillon G.",Software piracy: A view from Hong Kong,2000,Communications of the ACM,Article,PARENT
"Banerjee D., Cronan T.P., Jones T.W.",Modeling IT ethics: A study in situational ethics,1998,MIS Quarterly: Management Information Systems,Article,CHILD
"Cheng H.K., Sims R.R., Teegen H.",To purchase or to pirate software: An empirical study,1997,Journal of Management Information Systems,Article,CHILD
"Conner K.R., Rumelt R.P.",Software piracy: An analysis of protection strategies,1991,Management Science,,CHILD
Jones T.M.,Ethical decision making by individuals in organizations: An issue-contingent model,1991,Academy of Management Review,,CHILD
"Kreie J., Cronan T.P.",How Men and Women View Ethics,1998,Communications of the ACM,Article,CHILD
"Logsdon J.M., Thompson J.K., Reid R.A.",Software piracy: Is it related to level of moral judgment?,1994,Journal of Business Ethics,Article,CHILD
Weber J.,"Scenarios in business ethics research: Review, critical assessment, and recommendations",1992,Business Ethics Quarterly,,CHILD
Reference Count: 7,,,,,
,,,,,
"Thong J.Y.L., Yap C.-S.",Testing an ethical decision-making theory: The case of softlifting,1998,Journal of Management Information Systems,Article,PARENT
"Anderson R.E., Johnson D.G., Gotterbarn D., Perrolle J.",Using the New ACM Code of Ethics in Decision Making,1993,Communications of the ACM,Article,CHILD
"Baroudi J.J., Igbaria M.",An examination of gender effects on career success of information systems employees,1994,Journal of Management Information Systems,Article,CHILD
"Christensen A.L., Eining M.M.",Factors influencing software piracy: Implications for accountants,1991,Journal of Information Systems,,CHILD
"Collins W.R., Miller K.W.",Paramedic ethics for computer professionals,1992,The Journal of Systems and Software,Article,CHILD
Couger J.D.,Preparing IS students to deal with ethical issues,1989,MIS Quarterly: Management Information Systems,Article,CHILD
"Eining M.M., Christensen A.L.",A psycho-social model of software piracy: The development and test of a model,1991,Ethical Issues in Information Systems,,CHILD
"Ferrell O.C., Gresham L.G.",A contingency framework for understanding ethical decision making in marketing,1985,Journal of Marketing,,CHILD
"Ford R.C., Richardson W.D.",Ethical decision making: A review of the empirical literature,1994,Journal of Business Ethics,Review,CHILD
Harrington S.J.,Why People Copy Software and Create Computer Viruses,1989,Information Resources Management Journal (IRMJ),Article,CHILD
Harrington S.J.,The anomaly of other-directedness: When normally ethical IS personnel are unethical,1995,Computer Personnel,,CHILD
Hofstede G.,Cultures and organizations: Software of the mind,1991,Cultures and Organizations: Software of the Mind,,CHILD
"Huff C., Martin C.D.",Computing Consequences: A Framework for Teaching Ethical Computing,1995,Communications of the ACM,Article,CHILD
"Hunt S.D., Vitell S.",A General Theory of Marketing Ethics,1986,Journal of Macromarketing,Article,CHILD
Jones T.M.,Ethical decision making by individuals in organizations: An issue-contingent model,1991,Academy of Management Review,,CHILD
Kling R.,"Beyond Outlaws, Hackers, and Pirates: Ethical Issues in the Work of Information and Computer Science Professionals",1996,Computerisation and Controversy: Value Conflicts and Social Choices (2nd Edn),,CHILD
Laudon K.C.,Ethical Concepts and Information Technology,1995,Communications of the ACM,Article,CHILD
"Levy M., Dubinsky A.J.",Identifying and addressing retail salespeople's ethical problems: A method and application,1983,Journal of Retailing,,CHILD
"Loch K.D., Conger S.",Evaluating Ethical Decision Making and Computer Use,1996,Communications of the ACM,Article,CHILD
Luegenbiehl H.C.,Computer professionals: Moral autonomy and a code of ethics,1992,The Journal of Systems and Software,Article,CHILD
Mason R.O.,Four ethical issues of the information age,1986,MIS Quarterly: Management Information Systems,Article,CHILD
Mason R.O.,Ethics to Information Technology issues,1995,Communications of the ACM,Article,CHILD
"Mayo M.A., Marks L.J.",An empirical investigation of a general theory of marketing ethics,1990,Journal of the Academy of Marketing Science,Article,CHILD
"Murphy P.E., Laczniak G.R.","Marketing ethics: A review with implications for managers, educators and researchers",1981,Review of Marketing,,CHILD
Oz E.,Ethical standards for information systems professionals: A case for a unified code,1992,MIS Quarterly: Management Information Systems,Article,CHILD
"Parker D.B., Swope S., Baker B.N.",Ethical conflicts in information and computer science,1990,"Ethical Conflicts in Information and Computer Science, Technology, and Business",,CHILD
Randall D.M.,Taking stock: Can the theory of reasoned action explain unethical conduct?,1989,Journal of Business Ethics,Article,CHILD
Samuelson P.,Digital media and the law,1991,Communications of the ACM,Article,CHILD
Samuelson P.,Computer Programs and Copyright's Fair Use Doctrine,1993,Communications of the ACM,Article,CHILD
Samuelson P.,Copyright's Fair Use Doctrine and Digital Data,1994,Communications of the ACM,Article,CHILD
"Simpson P.M., Banerjee D., Simpson Jr. C.L.",Softlifting: A model of motivating factors,1994,Journal of Business Ethics,Article,CHILD
"Singhapakdi A., Vitell S.J.",Research note: Selected factors influencing marketers' deontological norms,1991,Journal of the Academy of Marketing Science,Article,CHILD
"Straub Jr. D.W., Collins R.W.","Key information liability issues facing managers: Software piracy, proprietary databases, and individual rights to privacy",1990,MIS Quarterly: Management Information Systems,Article,CHILD
Trevino L.K.,Ethical decision making in organizations: A person-situation interactionist model,1986,Academy of Management Review,,CHILD
"Vitell S.J., Davis D.L.",Ethical beliefs of MIS professionals: The frequency and opportunity for unethical behavior,1990,Journal of Business Ethics,Article,CHILD
"Vitell S.J., Hunt S.D.",The general theory of marketing ethics: A partial test of the model,1990,Research in Marketing,,CHILD
"Watson R.T., Pitt L.F.",Personal computing ethics: Beliefs and behaviour,1993,International Journal of Information Management,Article,CHILD
"Watson R.T., Pitt L.F.",Determinants of behavior towards ethical issues in personal computing,1993,Omega,Article,CHILD
Reference Count: 37,,,,,
,,,,,
"Cheng H.K., Sims R.R., Teegen H.",To purchase or to pirate software: An empirical study,1997,Journal of Management Information Systems,Article,PARENT
Anthes G.H.,"Study cites software industry growth, piracy problems",1993,Computer-world,,CHILD
"Christensen A.L., Eining M.M.",Factors influencing software piracy: Implications for accountants,1991,Journal of Information Systems,,CHILD
"Conner K.R., Rumelt R.P.",Software piracy: An analysis of protection strategies,1991,Management Science,,CHILD
Gwynne P.,Stalking asian software pirates,1992,Technology Review,,CHILD
Levy S.,The rap on software piracy,1993,MacWorld,,CHILD
"Logsdon J.M., Thompson J.K., Reid R.A.",Software piracy: Is it related to level of moral judgment?,1994,Journal of Business Ethics,Article,CHILD
Martin J.,"Freeze, it's the cyber fuzz",1994,Fortune,,CHILD
"Nascimento F., Vanhonacker W.R.",Optimal strategic pricing of reproducible consumer products,1988,Management Science,,CHILD
Oz E.,The attitude of managers-to-be toward software piracy,1990,OR/MS Today,,CHILD
Pallatto J.,Software and the law,1986,PC Week,,CHILD
Parry J.,Pirates in the dock,1991,International Management,,CHILD
"Reid R.A., Thompson J.K., Logsdon J.M.",Knowledge and attitudes of management students toward software piracy,1992,Journal of Computer Information Systems,,CHILD
"Shim J.P., Taylor G.S.",Business faculty members' perceptions of unauthorized software copying,1988,OR/MS Today,,CHILD
"Sims R.R., Cheng H.K., Teegen H.",Toward a profile of student software piraters,1996,Journal of Business Ethics,Article,CHILD
"Vitell S.J., Davis D.L.",Ethical beliefs of MIS professionals: The frequency and opportunity for unethical behavior,1990,Journal of Business Ethics,Article,CHILD
Willett S.,SPA investigates reports of rampant piracy on the Internet,1993,Info World,,CHILD
Zagorsky J.,The upside of software piracy,1990,Computerworld,,CHILD
Reference Count: 17,,,,,
,,,,,
"Gopal R.D., Sanders G.L.",Preventive and deterrent controls for software piracy,1997,Journal of Management Information Systems,Article,PARENT
Antonoff M.,The decline of copy protection,1987,Personal Computing,,CHILD
"Benham H.C., Wagner J.L.",Software publishing and the economic impact of copying,1987,International Conference on Information Systems,,CHILD
"Besen S.M., Kirby S.N.","Private copying, appropriability, and optimal copying royalties",1989,Journal of Law and Economics,,CHILD
"Blumstein A., Cohen J., Nagin D.",Introduction,1978,Deterrence and Incapacitation: Estimating the Effects of Criminal Sanctions on Crime Rates,,CHILD
"Bommer M., Gratto C., Gravander J., Tuttle M.",A behavioral model of ethical and unethical decision making,1987,Journal of Business Ethics,Article,CHILD
Buchanan J.M.,An economic theory of clubs,1965,Economica,,CHILD
Carrol P.B.,On your honor: Software firms remove copy-protection devices,1986,Wall Street Journal,,CHILD
"Conner K.R., Rumelt R.P.",Software piracy: An analysis of protection strategies,1991,Management Science,,CHILD
Ehrlich I.,Participation in illegitimate activities: A theoretical and empirical investigation,1973,Journal of Political Economy,,CHILD
"Eining M.M., Christensen A.L.",A psycho-social model of software piracy: The development and test of a model,1991,Ethical Issues in Information Systems,,CHILD
Elmer-Dewitt P.,Nabbing the pirates of the cyberspace: Will the latest crackdowns make a dent in global problems of the legal software duplication?,1994,Time,,CHILD
Fuentebella C.,Testing limits of software copyright,1989,Bank Systems and Equipment,,CHILD
[No author name available],SPA issues graphic warning,1991,InfoWorld,,CHILD
Jerry S.,Users must take responsibility to control the illegal copying of software,1987,InfoWorld,,CHILD
Manski C.F.,Prospects for Inference on Deterrence through Empirical Analysis of Individual Criminal Behavior,1978,Deterrence and Incapacitation: Estimating the Effects of Criminal Sanctions on Crime Rates,,CHILD
Mason J.,Crackdown on software pirates,1990,Computerworld,,CHILD
"Morgan M.J., Ruskell D.J.",Software Piracy - The Problems,1987,Industrial Management & Data Systems,Review,CHILD
Paolo D.N.,Vendors come together to form CAAST,1991,ComputerData,,CHILD
"Reilly B.J., Kyj M.J.",Economics and ethics,1990,Journal of Business Ethics,Article,CHILD
Resnick A.J.,Curbing software pirates,1993,CA Magazine,,CHILD
"RICHARDS P., TITTLE C.R.",Socioeconomic Status and Perceptions of Personal Arrest Probabilities,1982,Criminology,Article,CHILD
"Sacco V.F., Zureik E.",Correlates of computer misuse: Data from a self-reporting sample,1990,Behaviour and Information Technology,Article,CHILD
"Schwartz R.D., Orleans S.",On legal sanctions,1967,University of Chicago Law Review,,CHILD
"Shim J.P., Taylor G.S.",A comparative study of unauthorized software copying: Information systems faculty members' vs. practicing managers' perceptions,1991,Ethical Issues in Information Systems,,CHILD
"Solomon S.L., O'Brien J.A.",The effect of demographic factors on attitudes toward software piracy,1990,Journal of Computer Information Systems,,CHILD
Straub Jr. D.W.,Effective IS security: An empirical study,1990,Information Systems Research,Article,CHILD
"Swinyard W.R., Rinne H., Kau A.K.",The morality of software piracy: A cross-cultural analysis,1990,Journal of Business Ethics,Article,CHILD
Valigura L.,ADAPSO battles micro software pirates,1985,Mini-Micro Systems,,CHILD
"Williams K.R., Hawkins R.",Perceptual research on general deterrence: A critical review,1986,Law and Society Review,,CHILD
"Wood J.A., Longenecker J.G., McKinney J.A., Moore C.W.",Ethical attitudes of students and business professionals: A study of moral reasoning,1988,Journal of Business Ethics,Article,CHILD
Zagorsky J.,The upside of software piracy,1990,Computerworld,,CHILD
Reference Count: 31,,,,,
,,,,,
"Glass R.S., Wood W.A.",Situational determinants of software piracy: An equity theory perspective,1996,Journal of Business Ethics,Article,PARENT
"Cohen E., Cornwell L.",College students believe piracy is acceptable,1989,CIS Educator Forum,,CHILD
"Conner K.R., Rumelt R.P.",Software piracy: An analysis of protection strategies,1991,Management Science,,CHILD
Couger J.D.,Preparing IS students to deal with ethical issues,1989,MIS Quarterly: Management Information Systems,Article,CHILD
Harrington S.J.,Why People Copy Software and Create Computer Viruses,1989,Information Resources Management Journal (IRMJ),Article,CHILD
"Im J.H., Van Epps P.D.",Software Piracy and Software Security in Business Schools: An Ethical Perspective,1991,ACM SIGMIS Database,Article,CHILD
"Im J.H., Van Epps P.D.",Legal and ethical issues of software piracy,1992,IACIS,,CHILD
Jones T.M.,Ethical decision making by individuals in organizations: An issue-contingent model,1991,Academy of Management Review,,CHILD
Joshi K.,The measurement of fairness or equity perceptions of management information systems users,1989,MIS Quarterly: Management Information Systems,Article,CHILD
Joshi K.,An Investigation of Equity as a Determinant of User Information Satisfaction,1990,Decision Sciences,Article,CHILD
Kabanoff B.,"Equity, equality, power, and conflict",1991,Academy of Management Review,,CHILD
"Miles E.W., Hatfield J.D., Huseman R.C.",The Equity Sensitivity Construct: Potential Implications for Worker Performance,1989,Journal of Management,Article,CHILD
Oz E.,The attitude of managers-to-be toward software piracy,1990,OR/MS Today,,CHILD
"Shim J.P., Taylor G.S.",Practicing managers' perception/attitudes towards illegal software copying,1989,OR/MS Today,,CHILD
"Solomon S.L., O'Brien J.A.",The effect of demographic factors on attitudes toward software piracy,1990,Journal of Computer Information Systems,,CHILD
"Straub Jr. D.W., Collins R.W.","Key information liability issues facing managers: Software piracy, proprietary databases, and individual rights to privacy",1990,MIS Quarterly: Management Information Systems,Article,CHILD
"Strikwerda R.B., Ross J.M.",Software and ethical softness,1992,Collegiate Microcomputer,,CHILD
"Walster E., Berscheid E., Walster G.W.",New directions in equity research,1973,Journal of Personality and Social Psychology,Article,CHILD
Wood W.,A View of Computer Ethics by Managers and Students,1991,Journal of Computer Information Systems,,CHILD
Wood W.A.,Computer ethics and years of computer use,1993,Journal of Computer Information Systems,,CHILD
Reference Count: 19,,,,,
,,,,,
"Simpson P.M., Banerjee D., Simpson Jr. C.L.",Softlifting: A model of motivating factors,1994,Journal of Business Ethics,Article,PARENT
"Ajzen I., Fishbein M.",Attitude-behavior relations: A theoretical analysis and review of empirical research,1977,Psychological Bulletin,Article,CHILD
Akers John F.,SMR FORUM: A RESPONSIBLE FUTURE - AN ADDRESS TO THE COMPUTER INDUSTRY.,1984,Sloan management review,Article,CHILD
"Baxter G.D., Rarick C.A.",Education for the moral development of managers: Kohlberg's stages of moral development and integrative education,1987,Journal of Business Ethics,Article,CHILD
"Bommer M., Gratto C., Gravander J., Tuttle M.",A behavioral model of ethical and unethical decision making,1987,Journal of Business Ethics,Article,CHILD
"Conner K.R., Rumelt R.P.",Software piracy: An analysis of protection strategies,1991,Management Science,,CHILD
Couger J.D.,Preparing IS students to deal with ethical issues,1989,MIS Quarterly: Management Information Systems,Article,CHILD
"Eining M.M., Christensen A.L.",A psycho-social model of software piracy: The development and test of a model,1991,Ethical Issues in Information Systems,,CHILD
"Ferrell O.C., Gresham L.G.",A contingency framework for understanding ethical decision making in marketing,1985,Journal of Marketing,,CHILD
"Heide Dorothy, Hightower James K.",TEACHING ETHICS IN THE INFORMATION SCIENCES CURRICULA.,1982,Proceedings - Annual Meeting of the American Institute for Decision Sciences,Conference Paper,CHILD
Mason R.O.,Four ethical issues of the information age,1986,MIS Quarterly: Management Information Systems,Article,CHILD
Oz E.,The attitude of managers-to-be toward software piracy,1990,OR/MS Today,,CHILD
"Shim J.P., Taylor G.S.",A comparative study of unauthorized software copying: Information systems faculty members' vs. practicing managers' perceptions,1991,Ethical Issues in Information Systems,,CHILD
"Solomon S.L., O'Brien J.A.",The effect of demographic factors on attitudes toward software piracy,1990,Journal of Computer Information Systems,,CHILD
"Swinyard W.R., Rinne H., Kau A.K.",The morality of software piracy: A cross-cultural analysis,1990,Journal of Business Ethics,Article,CHILD
Wong K.,Computer crime - Risk management and computer security,1985,Computers and Security,Article,CHILD
Reference Count: 15,,,,,
,,,,,
"Taylor G.S., Shim J.P.",A Comparative Examination of Attitudes Toward Software Piracy Among Business Professors and Executives,1993,Human Relations,Article,PARENT
Antonoff M.,Can we end software piracy?,1987,Personal Computing,,CHILD
"Arlow P., Ulrich T.A.","Business ethics, social responsibility and business students: An empirical comparison of Clark's study",1980,Akron Business and Economic Review,,CHILD
Baumhart R.C.,How ethical are businessmen?,1961,Harvard Business Review,,CHILD
BloomBecker J.J.O.,Computer ethics: An antidote to despair,1987,SIGCAS Computers and Society,,CHILD
Brady F.N.,Rules for making exceptions to rules,1987,Academy of Management Review,,CHILD
"Cavanagh G.F., Moberg D.J., Velasquez M.",The ethics of organizational politics,1981,Academy of Management Review,,CHILD
"Crowne D.P., Marlowe D.",The approval motive,1964,The Approval Motive,,CHILD
Clymer A.,Low Marks for Executive Honesty,1985,The New York Times,,CHILD
DiNacci D.,Software piracy: Is your company liable?,1985,Business,,CHILD
"Fritzsche D.J., Becker H.",Linking management behavior to ethical philosophy - An empirical investigation,1984,Academy of Management Journal,,CHILD
George R.J.,Teaching business ethics: Is there a gap between rhetoric and reality?,1987,Journal of Business Ethics,Article,CHILD
[No author name available],GALLUP OPINION INDEX,1985,Honest and ethical standards of business executives,,CHILD
"Glenn J.R., Jr.",Business curriculum and ethics: Student attitudes and behavior,1988,Business and Professional Ethics Journal,,CHILD
"Im J.H., Koen C.",Software piracy and responsibilities of educational institutions,1990,Information and Management,Article,CHILD
KEEFE P.,Manzi defends Lotus' fight to protect 1-2-3 copyright,1990,Computerworld,,CHILD
Mason R.O.,Four ethical issues of the information age,1986,MIS Quarterly: Management Information Systems,Article,CHILD
Mintzberg H.,The structuring of organizations,1979,The Structuring of Organizations,,CHILD
"Render B., Stair R., Jr.",Microcomputer Technology in Schools of Business,1987,Interfaces,,CHILD
SILBURT D.,The disk takers,1987,Canadian Business,,CHILD
"Smiddy J.D., Smiddy L.O.",Caught in the act,1985,Datamation,,CHILD
"Solomon S.L., O'Brien J.A.",The effect of demographic factors on attitudes toward software piracy,1990,Journal of Computer Information Systems,,CHILD
"Straub D.W., Nance W.D.",Discovering and disciplining computer abuse in organizations: A field study,1990,MIS Quarterly,,CHILD
Stevens G.,Business ethics and social responsibility: The response of present and future managers,1984,Akron Business and Economic Review,,CHILD
SWASEY L.,Software leasing expected to boom,1989,MIS Week,,CHILD
Trevino L.K.,Ethical decision making in organizations: A person-situation interactionist model,1986,Academy of Management Review,,CHILD
"Vitell S.J., Davis D.L.",Ethical beliefs of MIS professionals: The frequency and opportunity for unethical behavior,1990,Journal of Business Ethics,Article,CHILD
"Zey-Ferrell M., Ferrell O.C.",Role-Set Configuration and Opportunity as Predictors of Unethical Behavior in Organizations,1982,Human Relations,Article,CHILD
"Zey-Ferrell M., Weaver K.M., Ferrell O.C.",Predicting Unethical Behavior Among Marketing Practitioners,1979,Human Relations,Article,CHILD
Reference Count: 28,,,,,
,,,,,
"Weisband S.P., Goodman S.E.",International software piracy,1992,Computer,Article,PARENT
Einhorn B.,"Fake Windows, Ersatz DOS, Angry Uncle Sam",1992,Business Week,,CHILD
Hoffman G.M.,Piracy of Intellectual Property,1990,Bulletin of ASIS,,CHILD
McCarroll T.,Whose Bright Idea?,1991,Time,,CHILD
Kapor M.,testimony before the House Subcommittee on Courts,1990,"Intellectual Property, and the Administration of Justice",,CHILD
Stern R.H.,The Berne Convention: A Bad Idea Whose Time Has Come?,1988,IEEE Micro,,CHILD
Gwynne P.,Stalking asian software pirates,1992,Technology Review,,CHILD
Reference Count: 6,,,,,
,,,,,
"Vitell S.J., Davis D.L.",Ethical beliefs of MIS professionals: The frequency and opportunity for unethical behavior,1990,Journal of Business Ethics,Article,PARENT
"Arlow P., Ulrich T.A.","Business ethics, social responsibility and business students: An empirical comparison of Clark's study",1980,Akron Business and Economic Review,,CHILD
Baumhart R.C.,How ethical are businessmen?,1961,Harvard Business Review,,CHILD
"Brenner S.N., Molander E.A.",Is the ethics of business changing?,1977,Harvard Business Review,,CHILD
Brightman H.J.,MANAGING THE DECISION SCIENCE TECHNOLOGY: A CASE FOR ETHICAL ANALYSIS?,1981,Decision Sciences,Article,CHILD
"Chonko L.B., Hunt S.D.",Ethics and marketing management: An empirical examination,1985,Journal of Business Research,Article,CHILD
"Ferrell O.C., Gresham L.G.",A contingency framework for understanding ethical decision making in marketing,1985,Journal of Marketing,,CHILD
"Hunt S.D., Vitell S.",A General Theory of Marketing Ethics,1986,Journal of Macromarketing,Article,CHILD
"Murphy P.E., Laczniak G.R.","Marketing ethics: A review with implications for managers, educators and researchers",1981,Review of Marketing,,CHILD
Reference Count: 8,,,,,
,,,,,
Crow G.B.,Defining educational policy on software usage in the light of copyright law,1989,ACM SIGCSE Bulletin,Article,PARENT
Antonoff M.,Can we end software piracy?,1987,Personal Computing,,CHILD
Antonoff M.,The decline of copy protection,1987,Personal Computing,,CHILD
Graft W.C.,Combating software Piracy: A Statutory Proposal to Strengthen Software Copyright,1985,Depaul Law Review,,CHILD
[No author name available],The Constitution of the United States of America,1988,"Article I, Section 8 “Copying the Look and Feel of Computer software: Fair Competition or Copyright Violation?”",,CHILD
Ellis D.R.,Computer Law-A Primer on the Law of Software Protection,1986,The Florida Bar Journal,,CHILD
Helm V.,What Educators Should Know About Copyright,1986,Phi Delta Kappa Education Foundation,,CHILD
[No author name available],Protection of Mass-Marketed Software in the Waning Days of Shrink-Wrap Licenses,1988,Computer Law & Intellectual Property (CLIPNOTES),,CHILD
"Sterne R.G., Saidman P.",Copying Mass-Marketed Software,1985,Byte,,CHILD
[No author name available],Thou Shalt Not Dupe,1984,Association of Data Processing,,CHILD
Reference Count: 9,,,,,
,,,,,
[No author name available],Software pricing and copy- right enforcement: private profit vis-à-vis social welfare,1999,"<PARENTARTICLE>Chen, Y. & Png, I.P.L. (1999) <t>Software pricing and copy- right enforcement: private profit vis-à-vis social welfare</t>. Proceeding of the 20th International conference on Information Systems, pp. 119–123.
",,PARENT
[No author name available],To Purchase or Pirate Software: An Empirical Study,1997,"Cheng, H. K.; Sims, R. R.; and Teegen H. ""<t>To Purchase or Pirate Software: An Empirical Study</t>',"" Journal of Management Information Systems (13:4), Spring 1997, pp. 49-60. Google ScholarDigital Library
",,CHILD
[No author name available],Copying and Indirect Appropriability: Photocopying of Journals,1985,"Liebowitz, S. J. ""<t>Copying and Indirect Appropriability: Photocopying of Journals</t>',"" Journal of Political Economy (93:5), 1985, pp. 945-957.Google ScholarCross Ref
",,CHILD
[No author name available],"Durability, Market Structure and New-Used Goods Models",1982,"Liebowitz, S. J. ""<t>Durability, Market Structure and New-Used Goods Models</t>,"" American Economic Review (72:4), September 1982, pp. 816-824.Google Scholar
",,CHILD
[No author name available],The Effects of Increased Copyright Protection: An Analytic Approach,1984,"Novos, I. E., and Waldman, M. ""<t>The Effects of Increased Copyright Protection: An Analytic Approach</t>,"" Journal of Political Economy (92:2), 1984, pp. 236-246.Google ScholarCross Ref
",,CHILD
[No author name available],Economic Effects of Home Copying,1988,"Shapiro, C. ""<t>Economic Effects of Home Copying</t>,"" mimeo, Princeton University, May 1988.Google Scholar
",,CHILD
[No author name available],The Welfare Implications of Unauthorized Reproduction of Intellectual Property in the Presence of Network Externalities,1994,"Takeyama, L. N. ""<t>The Welfare Implications of Unauthorized Reproduction of Intellectual Property in the Presence of Network Externalities</t>,"" Journal of Industrial Economics (62:2), June 1994, pp. 155-166.Google ScholarCross Ref
",,CHILD
[No author name available],"Buying, Renting, and Sharing Information Goods",1999,"Varian, H. ""<t>Buying, Renting, and Sharing Information Goods</t>,"" Working Paper, School of Information Management and Systems, University of California, Berkeley, May 1999
",,CHILD
Reference Count: 7,,,,,
,,,,,
Reference Count: 7,,,,,
,,,,,
Reference Count: 7,,,,,
,,,,,
Reference Count: 7,,,,,
,,,,,
[No author name available],Understanding differ- ences in ethical beliefs and behaviors toward software copying: the effects of organization culture.,1999,"<PARENTARTICLE>Lending, D. & Slaughter, S.A. (1999) <t>Understanding differ- ences in ethical beliefs and behaviors toward software copying: the effects of organization culture.</t> Proceedings of the 1999 ACM SIGCPR Conference on Computer Personnel Research, pp. 253–260. <NOSCOPUSREFERENCES> 
",,PARENT
[No author name available],"From Intentions to Actions: A Theory of Planned Behavior,",1985,"1.Ajzen, I. (1985) ""<t>From Intentions to Actions: A Theory of Planned Behavior,</t>"" in J. Kuhl and J. Beckman (eds.), Action Control: From Cognitions to Behavior, 1985, Springer, N.Y. pp. 11-39.Google Scholar
",,CHILD
[No author name available],Understanding Attitudes and Predicting Social Behavior,1980,"2.Ajzen, I. and Fishbein, M. (1980). <t>Understanding Attitudes and Predicting Social Behavior</t>, Prentice-Hall, Englewood Cliffs, NJ.Google Scholar
",,CHILD
[No author name available],Software Copyright Infringements: An Exploratory Study of the Effects of individual and Peer Beliefs,1997,"3.A1-Jabri, I., and Abdul-Gader, A., (1997) ""<t>Software Copyright Infringements: An Exploratory Study of the Effects of individual and Peer Beliefs</t>,"" Omega, (25:3), pp. 335-344.Google ScholarCross Ref
",,CHILD
[No author name available],The Invisible Bureaucracy: The Unconscious in Organizational Problem Solving,1987,"4.Baum, H., (1987) <t>The Invisible Bureaucracy: The Unconscious in Organizational Problem Solving</t>, Oxford University Press, New York.Google Scholar
",,CHILD
[No author name available],Brown Bag vs. Symantec Corp,1992,"5.<t>Brown Bag vs. Symantec Corp</t>., (1992) #960F2DI465, Ninth Circuit.Google Scholar
",,CHILD
Business Software Alliance, Did You Know,1997,"6.<a>Business Software Alliance</a>, (1997)<t> Did You Know</t>, http://www.bsa, org/piracy/diduknow, html.Google Scholar
",,CHILD
[No author name available],"Factors Influencing Sol, ware Piracy: Implications for Accountants,",1991,"7.Christensen, A. and Eining, M. (1991) ""<t>Factors Influencing Sol, ware Piracy: Implications for Accountants,</t>"" Journal of Information Systems, (5:1), pp. 67-80.Google Scholar
",,CHILD
[No author name available],"""Forward"" of Cash Mathews, M., Strategic Interventions in Organizations Resolving Ethical Dilemmas",1988,"8.Clinard, M., (1988) <t>""Forward"" of Cash Mathews, M., Strategic Interventions in Organizations Resolving Ethical Dilemmas</t>, Sage, Beverly Hills, CA.Google Scholar
",,CHILD
"Clinard, M.",Corporate Ethics and Crime,1983,"9.<a>Clinard, M.</a>, (1983) <t>Corporate Ethics and Crime</t>, Sage, Beverly Hills, CA.Google Scholar
",,CHILD
[No author name available], Corporate Cultures: The Rites and Rituals of Corporate Lijb,1982,"10.Deal, T. and Kennedy, A., (1982)<t> Corporate Cultures: The Rites and Rituals of Corporate Lijb</t>, Addison-Wesley Pub., Reading, MA.Google Scholar
",,CHILD
[No author name available],"Dimensions of National Culture and Effective Leadership Patterns: Hofstede Revisited,",1988,"11.Dorfman, P. and Howell, J., (1988) ""<t>Dimensions of National Culture and Effective Leadership Patterns: Hofstede Revisited,</t>"" in Advances in International Comparative Management, JAI Press, Vol. 3, pp. 127-150.Google Scholar
",,CHILD
"Garber, J.",Piracy,1996,"12.<a>Garber, J.</a>, (1996) ""<t>Piracy</t>,"" Forbes, (157:8), April 22, p. 214.Google Scholar
",,CHILD
[No author name available],Towards an Ethical Dimension of Decision Making in Organizations,1996,"13.Gottlieb, J. and Sanzgiri, J., (1996) ""<t>Towards an Ethical Dimension of Decision Making in Organizations</t>,"" Journal of Business Ethics, Vol. 15, pp. 1275-1285.Google ScholarCross Ref
",,CHILD
[No author name available],"A Comparison of IS Ethics Attitudes Among College Students,",1995,"14.Harris, A., and Weaver, A. (1995)""<t>A Comparison of IS Ethics Attitudes Among College Students,</t>"" Journal of Computer Information Systems, (35:2), pp. 60-64.Google Scholar
",,CHILD
[No author name available],Cultures and Organizations: Software of the Mind,1997,"15.Hofstede, G., (1997) <t>Cultures and Organizations: Software of the Mind</t>, McGraw-Hill, New York.Google Scholar
",,CHILD
[No author name available],"Culture's Consequences: International Differences in Work-Related Values,",1984,"16.Hofstede, G. (1984). <t>Culture's Consequences: International Differences in Work-Related Values,</t> abridged edition, Sage, Beverly Hills, CA.Google Scholar
",,CHILD
[No author name available],"Moral Mazes: The World of Corporate Managers,",1990,"17.Jaekall, R., (1990) <t>Moral Mazes: The World of Corporate Managers,</t> Oxford University Press, Oxford, U.K.Google Scholar
",,CHILD
[No author name available],How Men and Women View Ethics,1998,"18.Kreie, J. and Cronan, T.P. (1998). ""<t>How Men and Women View Ethics</t>,"" Communications of the ACM, (41:9), September 1998, pp. 70-76. Google ScholarDigital Library
",,CHILD
[No author name available],Essentials of Management information Systems,1995,"19.Laudon, K., and Laudon, J. (1995) <t>Essentials of Management information Systems</t>, Prentice-Hall, Englewood Cliffs, NJ, pp. 508-509. Google ScholarDigital Library
",,CHILD
[No author name available],Evaluating Ethical Decision Making and Computer Use,1996,"20.Loch, K. and Conger, S. (1996) ""<t>Evaluating Ethical Decision Making and Computer Use</t>,"" Communications of the ACM (39:7), pp. 74-83. Google ScholarDigital Library
",,CHILD
[No author name available],Software Piracy: Is it Related to Level of Moral Judgment,1994,"21.Logsdon, J., Thompson, J., and Reid, R., (1994) ""<t>Software Piracy: Is it Related to Level of Moral Judgment</t>?"" Journal of Business Ethics, (13:11), November, pp. 849-857.Google ScholarCross Ref
",,CHILD
[No author name available],"Is this any way to run Cyberspace? Why the Hacker Ethos is Bad for the Net,",1996,"22.Onstad, K. and Rose, B. (1996) ""<t>Is this any way to run Cyberspace? Why the Hacker Ethos is Bad for the Net,</t>"" Canadian Business (69:9), Summer, pp. 42-48.Google Scholar
",,CHILD
[No author name available],"Software Piracy and Computer-Using Professionals: A Survey,",1997,"23.Peace, A., (1997) ""<t>Software Piracy and Computer-Using Professionals: A Survey,</t>"" Journal of Computer Information Systems, (38:1), pp. 94-99.Google Scholar
",,CHILD
"Schein, E.",Organization Culture,1990,"24.<a>Schein, E.</a>, (1990) ""<t>Organization Culture</t>,"" American Psychologist, (45:2), pp. 109-119.Google ScholarCross Ref
",,CHILD
"Schein, E.,","Organizational Culture and Leadership,",1985,"25.<a>Schein, E.,</a> (1985) <t>Organizational Culture and Leadership,</t> Jossey-Bass, San Francisco, CA.Google Scholar
",,CHILD
[No author name available],It's not Really Theft: Personal and Workplace Ethics that Enable Software Piracy,1998,"26.Seale, D., Polakowski, M., and Schneider, S. (1998) ""<t>It's not Really Theft: Personal and Workplace Ethics that Enable Software Piracy</t>,"" Behavior and Information Technology (17:1), pp. 27-40.Google ScholarCross Ref
",,CHILD
[No author name available],"Toward a Profile of Student So,ware Piraters,",1996,"27.Sims, R., Cheng, H., and Teegen, H. (1996) ""<t>Toward a Profile of Student So,ware Piraters,</t>"" Journal of Business Ethics, (15:8), pp. 839-849.Google ScholarCross Ref
",,CHILD
[No author name available],Approaches to Organizational Culture and Ethics,1993,"28.Sinclair, A., (1993) ""<t>Approaches to Organizational Culture and Ethics</t>,"" Journal of Business Ethics, Vol. 12, pp. 63-73.Google ScholarCross Ref
",,CHILD
[No author name available],The Effect of Demographic Factors on Attitudes Toward Software Piracy,1991,"29.Solomon, S.L. and O'Brien, J.A. (1991). ""<t>The Effect of Demographic Factors on Attitudes Toward Software Piracy</t>"" in Ethical Issues in Information Systems, Dejoie, R., Fowler, G., and Paradice, D., editors, Boyd &amp; Frasier, Boston, MA, pp. 168-181.Google Scholar
",,CHILD
[No author name available],"Masculinity and Femininity: Their Psychological Dimensions, Correlates, and Antecedents",1978,"30.Spence, J. (1978) <t>Masculinity and Femininity: Their Psychological Dimensions, Correlates, and Antecedents</t>, University of Texas Press, Austin, TX.Google Scholar
",,CHILD
[No author name available],"Key Information Liability Issues Facing Managers: Software Piracy, Proprietary Databases, and Individual Rights to Privacy,",1990,"31.Straub, D., and Collins, R., (1990) ""<t>Key Information Liability Issues Facing Managers: Software Piracy, Proprietary Databases, and Individual Rights to Privacy,</t>"" MIS Quarterly, (14:2), June 1990, pp. 143-156. Google ScholarDigital Library
",,CHILD
[No author name available],Development of Serious and Violent Offending Careers,1998,"32.Tolan, P., and Gorman-Smith, D. (1998) ""<t>Development of Serious and Violent Offending Careers</t>,"" in Loeber, R. and Farrington, D., eds., Serious and Violent Juvenile Offenders: Risk Factors and Successful Interventions, Sage, Thousand Oaks, CA.Google Scholar
",,CHILD
[No author name available],"The Organizational Bases of Ethical Work Climates,",1988,"33.Victor, B. and Cullen, J.B. (1988). ""<t>The Organizational Bases of Ethical Work Climates,</t>"" Administrative Science Quarterly, (33:3), pp. 101-125.Google ScholarCross Ref
",,CHILD
[No author name available],"""Studies of Individualism- Collectivism: Effects on Cooperation in Groups,",1995,"34.Wagner IIl, John A., (1995) <t>""Studies of Individualism- Collectivism: Effects on Cooperation in Groups,</t>"" Academy of Management Journal, (38:1), pp. 152-172.Google Scholar
",,CHILD
Reference Count: 34,,,,,
,,,,,
[No author name available],"Computer abuse, information technologies and judicial affairs",2000,"<PARENTARTICLE>Mackenzie, E. & Goldman, K. (2000) <t>Computer abuse, information technologies and judicial affairs</t>. Proceed-ings of the 2000 Fall Conference of the ACM Special Interest Group on University and College Computing Services (ACM SIGUCCS) October 29 – November 1, Richmond, VA, pp. 170–176.<NOSCOPUSREFERENCES> 
",,PARENT
University of Delaware,Student Computer Use Survey,1999,".<a>University of Delaware</a> <t>Student Computer Use Survey</t>, conducted 1999, User Services, Information Technologies.Google Scholar
",,CHILD
University of Delaware,Policy for Responsible Computing ,1992,"2.<a>University of Delaware</a> <t>Policy for Responsible Computing </t>(http://www.udel.edu/ecce/policy.approved.html), Approved May 1992; Revised 2000.Google Scholar
",,CHILD
University of Delaware,Official Student Handbook,2000,"3.<a>University of Delaware</a> 2000-2001 <t>Official Student Handbook</t>, 2000 (http://www.udel.edu/stuhb/).Google Scholar
",,CHILD
[No author name available],Policy for Responsible Computing - A Student Manual,1999,"4.University of Delaware <t>Policy for Responsible Computing - A Student Manual</t> (http://www.udel.edu/ecce/toc.html). Revised 1999.Google Scholar
",,CHILD
[No author name available],"Soundbyting A Campaign to Protect Music on the Internet - Copyright and Music 101,",1999,"6.Recording Industry Association of America, ""<t>Soundbyting A Campaign to Protect Music on the Internet - Copyright and Music 101,</t>"" RIAA (August 1999).Google Scholar
",,CHILD
[No author name available],Mr. Napster goes to Washington,2000,"8.Sean Silverthorne, ""<t>Mr. Napster goes to Washington</t>,"" (http://www.zdnet.com/zdnn/stories/news/0,4586,2601 519,00.html). ZDNet News, July 11, 2000.Google Scholar
",,CHILD
[No author name available],Streaming a Napster solution on Campus,2000,"9.Richard Shim, ""<t>Streaming a Napster solution on Campus</t>,"" ZDNet News, July 12, 2000. (http://www.zdnet.com/zdnn/stories/news/0,4586,2601 846,00.html)Google Scholar
",,CHILD
[No author name available],Family Educational Rights and Privacy Act,1974,"10.<t>Family Educational Rights and Privacy Act</t> (FERPA) (http://www.ed.gov/offices/OM/ferpa.html)Google Scholar 1974
",,CHILD
[No author name available],How to eliminate the 10 most critical Internet security threats,2000,"11.SANS, ""<t>How to eliminate the 10 most critical Internet security threats</t>."" Version 1.25, July 12, 2000. (http://www.sans.org/topten.htm)Google Scholar
",,CHILD
[No author name available],Announcing the formation of the EDUCAUSE Task Force on System Security,2000,"12.EDUCAUSE, <t>Announcing the formation of the EDUCAUSE Task Force on System Security</t>, July 12, 2000. (http://www.educause.edu/issues/security.asp)Google Scholar
",,CHILD
Reference Count: 10,,,,,
,,,,,
Reference Count: 10,,,,,
,,,,,
Reference Count: 10,,,,,
,,,,,
Reference Count: 10,,,,,
,,,,,
[No author name available],The effect of demographic factors on attitudes towards software piracy,1991,"<PARENTARTICLE>Solomon, S.L. & O’Brien, J.A. (1991) <t>The effect of demographic factors on attitudes towards software piracy</t>. In: Ethical Issues in Information Systems, Dejoie, R., Fowler, G. & Paradice, D. (eds), pp. 168–181. Boyd & Fraser, MA, USA.
",,PARENT
[No author name available],Copyright Protection of Computer Software,1985,"Altman, J., “<t>Copyright Protection of Computer Software</t>,” Computer Law Journal, Vol. 5, No. 3, Winter 1985, pp. 413–432. [Google Scholar]
",,CHILD
[No author name available],Remedies in Software Copyright Cases,1985,"Altman, J., “<t>Remedies in Software Copyright Cases</t>,” Computer Law Journal, Vol. 6, No. 1, Summer 1985, pp. 1–33. [Google Scholar]
",,CHILD
"Barney, Douglas","1-2-3 Sue! Lotus vs. Clones,",1987,"<a>Barney, Douglas</a>, “<t>1-2-3 Sue! Lotus vs. Clones,</t>” Computerworld, Vol. 21, January 19, 1987, pp. 1–2. [Google Scholar]
",,CHILD
[No author name available],"“Pirate's Paradise: Shopping for Software, Bootlegged or Basic, Can Be a Real Experience in Hong Kong",1986,"Bebditch, David, <t>“Pirate's Paradise: Shopping for Software, Bootlegged or Basic, Can Be a Real Experience in Hong Kong</t>,” Datamation, Vol. 32, September 1, 1986, pp. 71–72. [Google Scholar]
",,CHILD
[No author name available],New Federal Law Bolsters Computer Security,1986,"Bloombecker, A.J., “<t>New Federal Law Bolsters Computer Security</t>,” Computerworld, October 27, 1986, pp. 55–59. [Google Scholar]
",,CHILD
[No author name available],"Courts Expand the Copyright Protection of Software, but Many Questions Remain",1986,"Buckeley, William M., “<t>Courts Expand the Copyright Protection of Software, but Many Questions Remain</t>,” Wall Street Journal, November 18, 1986, pp. 35, 37. [Google Scholar]
",,CHILD
[No author name available],Defining Ethical and Unethical Student Behaviors Using Departmental Regulations and Sanctions,1987,"Cook, Janet M., “<t>Defining Ethical and Unethical Student Behaviors Using Departmental Regulations and Sanctions</t>,” ACM SIGCSE Bulletin, 19:1, February 1987, pp. 462–468. [Crossref], [Google Scholar]
",,CHILD
[No author name available],What C.S. Graduates Don't Learn About Security Concepts and Ethical Standards Or – ‘Every Company Has Its Share of Damn Fools. Now Every Damn Fool Has Access to a Computer,1986,"Cook, Janet M., “<t>What C.S. Graduates Don't Learn About Security Concepts and Ethical Standards Or – ‘Every Company Has Its Share of Damn Fools. Now Every Damn Fool Has Access to a Computer</t>,’” ACM SIGCSE Bulletin, 1986, pp. 89–95. [Google Scholar]
",,CHILD
[No author name available],Tougher Copyrights Will Boost Innovation,1986,"Davis, George R., “<t>Tougher Copyrights Will Boost Innovation</t>,” Datamation, Vol. 32, November 1, 1986, p. 18. [Google Scholar]
",,CHILD
[No author name available],"An Empirical Approach for Detecting Program Similarity and Plagiarism within a University Programming Environment,",1987,"Faidhi, J.A.W., and S.K. Robinson, “<t>An Empirical Approach for Detecting Program Similarity and Plagiarism within a University Programming Environment,</t>” Computers and Education, Vol. 11, No. 1, 1987, pp. 11–19. [Crossref], [Web of Science ®], [Google Scholar]
",,CHILD
[No author name available],"Software Piracy: Its Costs and the Consequences,",1987,"Green, Kenneth C., and Steven W. Gilbert, “<t>Software Piracy: Its Costs and the Consequences,</t>” Change, January-February, 1987, pp. 47–49. [Taylor & Francis Online], [Google Scholar]
",,CHILD
[No author name available],"Software Licensing for Installations with Multiple Microcomputers,",1985,"Harper, Robert M., “<t>Software Licensing for Installations with Multiple Microcomputers,</t>” Computers in Education, Vol. 9, No. 3, 1985, pp. 165–170. [Crossref], [Web of Science ®], [Google Scholar]
",,CHILD
"Haugness, C.A.",Copyright and Computer Software,1985,"<a>Haugness, C.A.</a>, “<t>Copyright and Computer Software</t>,” AEDS Monitor, Vol. 24, Nos. 1–2, July/August 1985, pp. 13–14. [Google Scholar]
",,CHILD
"Highland, Harold J.","Protecting Your Microcomputer System,",1984,"<a>Highland, Harold J.</a>, <t>Protecting Your Microcomputer System,</t> New York: Wiley, 1984. [Google Scholar]
",,CHILD
[No author name available],Circling the Wagons: The Industry is Turning to Litigation in an Attempt to Stem the Hemorrhage of Pirated Intellectual Properties,1986,"Howe, Charles L., “<t>Circling the Wagons: The Industry is Turning to Litigation in an Attempt to Stem the Hemorrhage of Pirated Intellectual Properties</t>,” Datamation, Vol. 32, May 15, 1986, pp. 42–45. [Google Scholar]
",,CHILD
[No author name available]," Computer Ethics: A Guide for the New Age,",1984,"Johnson, Douglas W.,<t> Computer Ethics: A Guide for the New Age,</t> Elgin, IL: The Brethren Press, 1984. [Google Scholar]
",,CHILD
[No author name available],"Software Protection Changes to Affect Site-Licensing Plans,",1986,"Kanzler, Stephen, “<t>Software Protection Changes to Affect Site-Licensing Plans,</t>” PC Week, Vol. 3, July 15, 1986, pp. 1–2. [Google Scholar]
",,CHILD
[No author name available],“Software Industry Groups Set Sail Against Pirates in Academe,1986,"Karon, Paul, <t>“Software Industry Groups Set Sail Against Pirates in Academe</t>,” PC Week, Vol. 3, December 9, 1986, pp. 61–62. [Google Scholar]
",,CHILD
"Krauss, Leonard I.",Computer Fraud and Countermeasures,1979,"<a>Krauss, Leonard I.</a>, and Aileen MacGahan, <t>Computer Fraud and Countermeasures</t>, Englewood Cliffs: Prentice-Hall, 1979. [Google Scholar]
",,CHILD
"Machrone, Bill",The Copyright Fight,1987,"<a>Machrone, Bill</a>, “<t>The Copyright Fight</t>,” PC Magazine, Vol. 8, February 12, 1987, pp. 81–82. [Google Scholar]
",,CHILD
"Pallette, John",Software and the Law,1986,"<a>Pallette, John</a>, “<t>Software and the Law</t>,” PC Week, Vol. 3, October 7, 1986, pp. 79–84. [Google Scholar]
",,CHILD
[No author name available],Coalition to Combat Software Piracy: Publishers Pursue Hong Kong Counterfeiters,1987,"Parker, Rachel, “<t>Coalition to Combat Software Piracy: Publishers Pursue Hong Kong Counterfeiters</t>,” Infoworld, December 7, 1987, p. 5. [Google Scholar]
",,CHILD
[No author name available],"“Publishers Take On Software Piracy in Academia,",1987,"Parker, Rachel, <t>“Publishers Take On Software Piracy in Academia,</t>” Infoworld, October 19, 1987, p. 49. [Google Scholar]
",,CHILD
[No author name available],"User, Software Firms Continue to Debate Copy-Protection Issues",1986,"Pepper, Jon C., “<t>User, Software Firms Continue to Debate Copy-Protection Issues</t>,” PC Week, Vol, 3, April 8, 1986, pp. 52–55. [Google Scholar]
",,CHILD
[No author name available],Software Piracy Limits U.S. Export Growth,1986,"Posner, Ronald S., and George T. DeBakey, “<t>Software Piracy Limits U.S. Export Growth</t>,” Business America, Vol. 9, June 9, 1986, p. 50. [Google Scholar]
",,CHILD
[No author name available],Copyright and Computer Software: A Question of Ethics,1984,"Risher, C.A., “<t>Copyright and Computer Software: A Question of Ethics</t>,” AEDS Monitor, Vol. 22, Nos. 9–10, March/April 1984, pp. 23–24. [Google Scholar]
",,CHILD
[No author name available],Breaking the Copy-Protection Barriers,1986,"Ruby, Daniel, “<t>Breaking the Copy-Protection Barriers</t>,” PC Week, Vol. 3, April 8, 1986, pp. 45–49. [Google Scholar]
",,CHILD
[No author name available],A Divisive Lotus ‘Clone’ War,1987,"Sanger, David E., “<t>A Divisive Lotus ‘Clone’ War</t>,” New York Times, Vol. 136, February 5, 1987, p. 25. [Google Scholar]
",,CHILD
[No author name available],Users Must Take Responsibility to Control the Illegal Copying of Software,1987,"Schneider, Jerry, “<t>Users Must Take Responsibility to Control the Illegal Copying of Software</t>,” Infoworld, October 5, 1987, p. 56. [Google Scholar]
",,CHILD
[No author name available],"Costs of Copy Protection Hit Software Maker, Too",1986,"Seymour, Jim, “<t>Costs of Copy Protection Hit Software Maker, Too</t>,” PC Week, Vol. 3, May 20, 1986, p. 66. [Google Scholar]
",,CHILD
[No author name available],"Public Perceptions of the ‘Intellectual Property Rights’ Issue,",1985,"Shattuck, Petra T., “<t>Public Perceptions of the ‘Intellectual Property Rights’ Issue,</t>” Washington, D.C., Office of Technology Assessment of the U.S. Congress, 1985. [Google Scholar]
",,CHILD
[No author name available],"Computers and Law: Copying Mass-Marketed Software,",1985,"Steme, R.G., and P.J. Snidman, “<t>Computers and Law: Copying Mass-Marketed Software,</t>” Byte, 10:2, February 1985, pp. 387–390. [Google Scholar]
",,CHILD
[No author name available],"Rise in Lawsuits over Illegal Software Use Prompts Companies to Revamp Usage Policies,",1985,"Swartz, Herbert, “<t>Rise in Lawsuits over Illegal Software Use Prompts Companies to Revamp Usage Policies,</t>” EDN, Vol. 30, December 12, 1985, pp. 307–310. [Google Scholar]
",,CHILD
[No author name available],"Software Pirates Beware: Borkin is Out for Blood,",1986,"Ticer, Scott, “<t>Software Pirates Beware: Borkin is Out for Blood,</t>” Business Week, June 16, 1986, p. 83. [Google Scholar]
",,CHILD
[No author name available],"Software Rental Piracy and Copyright Protection,",1984,"Wilson, D.S., “<t>Software Rental Piracy and Copyright Protection,</t>” Computer Law Journal, Vol. 5, No. 1, Summer 1984, pp. 125–141. [Google Scholar]
",,CHILD
Reference Count: 35,,,,,
,,,,,
Reference Count: 35,,,,,
,,,,,
Reference Count: 35,,,,,
,,,,,
Reference Count: 35,,,,,
,,,,,
[No author name available],Discovering and dis- ciplining computer abuse in organizations: a field study.,1990,"<PARENTARTICLE>Straub, D.W. & Nance, W.D. (1990) <t>Discovering and dis- ciplining computer abuse in organizations: a field study.</t> MIS Quarterly, 14, 45–6
",,PARENT
ABA.,Report on Computer Crime,2003,"<a>ABA.</a> ""<t>Report on Computer Crime</t>,"" pamphlet prepared by the Task Force on Computer Crime, American Bar Association, Section on Criminal Justice, 1800 M Street, Washington. D.C. 20036, 1984.Google Scholar
",,CHILD
[No author name available],Report on the Study of EDP-Related Fraud in the Banking and Insurance Industries,1984,"AICPA. ""<t>Report on the Study of EDP-Related Fraud in the Banking and Insurance Industries</t>,"" pamphlet from the American Institute of Certified Public Accountants, 1211 Avenue of the Americas, New York, NY, 1984.Google Scholar
",,CHILD
[No author name available],The Auditor's Responsibility to Detect and Report Errors and Irregularities,1988,"AICPA. ""<t>The Auditor's Responsibility to Detect and Report Errors and Irregularities</t>,"" Statement on Auditing Standards #53, American Institute of Certified Public Accountants, 1988.Google Scholar
",,CHILD
[No author name available],Turning the Computer into a Criminal,1983,"August, R.S. ""<t>Turning the Computer into a Criminal</t>,"" Barrister, Fall 1983, p. 13ff.Google Scholar
",,CHILD
"Bequai, A.","A Security Checklist,",1985,"<a>Bequai, A.</a> ""<t>A Security Checklist,</t>"" Computerworld , December 23, 1985, p. 33.Google Scholar
",,CHILD
[No author name available],"Security without Identification: Transaction Systems to Make Big Brother Obsolete,",1985,"Chaum, D. ""<t>Security without Identification: Transaction Systems to Make Big Brother Obsolete,</t>"" Communications of the ACM (28:10), October 1985, pp. 1030-1044. Google ScholarDigital Library
",,CHILD
[No author name available],Insider Threat on Automated Information Systems,1987,"Clyde, A.R. ""<t>Insider Threat on Automated Information Systems</t>,"" 4th Insider Threat Identification System Conference. Bethesda, MA, August 1987.Google Scholar
",,CHILD
[No author name available],"Electronic Fund Transfer Systems and Crime,",1982,"Colton, K.W., Tien, J.M., Tvedt, S., Dunn. B. and Barnett, A.I. ""<t>Electronic Fund Transfer Systems and Crime,</t>"" U.S. Department of Justice, Bureau of Justice Statistics, Washington, D.C., 1982.Google Scholar
",,CHILD
[No author name available],Who Is a Computer-Fraud-Prone Employee?,1986,"Data Processing Auditing Report. ""<t>Who Is a Computer-Fraud-Prone Employee?</t>"" July 1986, pp. 6-7.Google Scholar
",,CHILD
[No author name available],"Of Sticky Wickets, Tricky Digits,",1986,"Eagleson, D. ""<t>Of Sticky Wickets, Tricky Digits,</t>"" Systems User, July 1986, p. 6ff.Google Scholar
",,CHILD
[No author name available],The 1989 Computer Abuse Survey: A Report,2000,"Ernst & Whinney. ""<t>The 1989 Computer Abuse Survey: A Report</t>,"" pamphlet, Ernst & Young, 2000 National City Center, Cleveland, OH 44114, 1989.Google Scholar
",,CHILD
"Goldstein, B.","""Investigating Computer Crime,",1984,"<a>Goldstein, B.</a> <t>""Investigating Computer Crime,</t>"" Computer Crime Digest, February 1984, pp. 8-10.Google Scholar
",,CHILD
[No author name available],The 9 to 5 Underground: Are You Policing Computer Crimes?,1989,"Hoffer, J.A. and Straub, D.W. ""<t>The 9 to 5 Underground: Are You Policing Computer Crimes?</t>"" Sloan Management Review, Summer 1989, pp. 35-43.Google Scholar
",,CHILD
[No author name available],"Computer Abuse and Computer Crime as Organizational Activities,",1980,"Kling, R. ""<t>Computer Abuse and Computer Crime as Organizational Activities,</t>"" Computer Law Journal (2:2), 1980, pp. 186-196.Google Scholar
",,CHILD
[No author name available],"Computer-Related Fraud and Abuse in Government Agencies,",1983,"Kusserow, R.P. ""<t>Computer-Related Fraud and Abuse in Government Agencies,</t>"" unpublished paper, U.S. Dept. of Health and Human Services, Washington, D.C., 1983.Google Scholar
",,CHILD
[No author name available],"Computer Fraud Threat Increasing, Study Says",1987,"LaPlante, A. ""<t>Computer Fraud Threat Increasing, Study Says</t>,"" Infoworld (18), May 1987, p. 47.Google Scholar
",,CHILD
[No author name available],"Positive Alternatives: A Report on the ACM Panel on Hacking,",1986,"Lee, J.A., Segal, G. and Steier, R. ""<t>Positive Alternatives: A Report on the ACM Panel on Hacking,</t>"" Communications of the ACM (29:4), April 1986, pp. 297-299. Google ScholarDigital Library
",,CHILD
[No author name available],Computer Crime: How Deep Does It Go,1986,"Leinfuss, E. ""<t>Computer Crime: How Deep Does It Go</t>,"" MIS Week, February 10, 1986, p. 41.Google Scholar
",,CHILD
Local Government Audit Inspectorate.,Computer Fraud Survey,1981,"<a>Local Government Audit Inspectorate.</a> ""<t>Computer Fraud Survey</t>,"" unpublished paper, sponsored by the Department of the Environment, Great Britain, 1981.Google Scholar
",,CHILD
[No author name available],Computer Security's Worst Enemy: Management Apathy,1987,"Makley, W.K. ""<t>Computer Security's Worst Enemy: Management Apathy</t>,"" The Office (105:3), March 1987, pp. 115-116.Google Scholar
",,CHILD
[No author name available],Hardware Protection Against Software Piracy,1984,"Maude, T. and Maude, D. ""<t>Hardware Protection Against Software Piracy</t>,"" Communications of the ACM (27:9), September 1984, pp. 950-959. Google ScholarDigital Library
",,CHILD
"Parker, D.B.",Crime by Computer,1976,"<a>Parker, D.B.</a>, <t>Crime by Computer</t>, Scribner's, New York, NY, 1976.Google Scholar
",,CHILD
"Parker, D.B.","Computer Security Management,",1981,"<a>Parker, D.B.</a> <t>Computer Security Management,</t> Reston, Reston, VA, 1981.Google Scholar
",,CHILD
"Parker, D.B. ","Fighting Computer Crime,",1983,"<a>Parker, D.B. </a><t>Fighting Computer Crime,</t> Scribner's, New York, NY, 1983. Google Scholar
",,CHILD
[No author name available],"Security Problems are People Problems,",1987,"Perry, W.E. ""<t>Security Problems are People Problems,</t>"" Government Computer News, March 27, 1987a, pp. 27-28.Google Scholar
",,CHILD
"Perry, W.E.",An Introduction to EDP Auditing,1987,"<a>Perry, W.E.</a> ""<t>An Introduction to EDP Auditing</t>,"" Auerbach Data Security Management, 82-03-30, July-August 1987b.Google Scholar
",,CHILD
[No author name available],"Safeguarding Your Business against Theft and Vandalism,",1983,"Research Institute of America. ""<t>Safeguarding Your Business against Theft and Vandalism,</t>"" Computer Crime Digest, November 1983, p. 5.Google Scholar
",,CHILD
[No author name available],Shortcomings of Computer Crime Law,1985,"Sherizen, S. ""<t>Shortcomings of Computer Crime Law</t>,"" Computerworld, November 25, 1985, p. 17.Google Scholar
",,CHILD
"Solarz, A.","Computer-Related Embezzlement,",1987,"<a>Solarz, A.</a> ""<t>Computer-Related Embezzlement,</t>"" Computers & Security (6:1); February 1987, pp. 49-53. Google ScholarDigital Library
",,CHILD
"Spafford, E.",Crisis and Aftermath,1989,"<a>Spafford, E.</a> ""<t>Crisis and Aftermath</t>,"" Communications of the ACM (32:6), June 1989, pp. 678-687. Google ScholarDigital Library
",,CHILD
[No author name available],"Computer Abuse and Computer Security: Update on an Empirical Study,",1986,"Straub, D.W. ""<t>Computer Abuse and Computer Security: Update on an Empirical Study,</t>"" Security, Audit, and Control Review (4:2), ACM Special Interest Group journal, Spring 1986a, pp. 21-31. Google Scholar
",,CHILD
[No author name available],Deterring Computer Abuse: the Effectiveness of Deterrent Countermeasures in the Computer Security Environment,1986,"Straub, D.W. <t>Deterring Computer Abuse: the Effectiveness of Deterrent Countermeasures in the Computer Security Environment</t>, unpublished dissertation, Indiana University School of Business, Bloomington, IN, 1986b.Google Scholar
",,CHILD
[No author name available],Validating Instruments in MIS ResearCh,1989,"Straub, D.W. ""<t>Validating Instruments in MIS ResearCh</t>,"" MIS Quarterly (13:2), June 1989, pp. 147-167.Google ScholarDigital Library
",,CHILD
[No author name available],Computer Abuse and Computer Security Administration: A Study of Contemporary Information Security Methods,1988,"Straub, D.W. and Hoffer, J.A. ""<t>Computer Abuse and Computer Security Administration: A Study of Contemporary Information Security Methods</t>,"" IRMIS Working Paper #W801, Indiana University School of Business, Bloomington, IN, 1988.Google Scholar
",,CHILD
"Warfel, G.H.",Identification Technology,1986,"<a>Warfel, G.H.</a> ""<t>Identification Technology</t>,"" Auerbach Data Security Management, 84-01-10, July-August 1986.Google Scholar
",,CHILD
[No author name available],"Technology Transfer, Industrial Espionage and Computer Crime: The Problems We Are Facing",1985,"Webster, W.H. ""<t>Technology Transfer, Industrial Espionage and Computer Crime: The Problems We Are Facing</t>,"" Computer Crime Digest, January 1985, pp. 1-5.Google Scholar
",,CHILD
[No author name available],Information Systems Security: Management Success Factors,1987,"Wood, C.C. ""<t>Information Systems Security: Management Success Factors</t>,"" Computers & Security (4:6), August 1987, pp. 314-320. Google ScholarDigital Library
",,CHILD
Reference Count: 37,,,,,
,,,,,
Reference Count: 37,,,,,
,,,,,
Reference Count: 37,,,,,
,,,,,
